aggregate_id,v304_migration_owner_session,server_object,current_server_presence,reconciliation_authority,object_kind,organization_column,write_producer,write_authority,current_rls_policy,capture_mode,capture_function,capture_trigger,payload_adapter,payload_version,delete_capture,transaction_group_source,actor_source,legacy_write_covered,admin_write_covered,service_role_write_covered,realtime_irrelevant_to_correctness,status,evidence,notes
BUDGET,307,budgets,PRESENT_IN_EXACT_DUMP,EXACT_DUMP+SESSION_305_REVISION_2,TABLE,organization_id,cash / SyncCash,LEGACY_OR_DEFERRED_OWNER_307,budgets_all,LEGACY_PATH_PRESERVED_CUTOVER_DISABLED,NONE_IN_305,NONE_ADDED_TO_BUSINESS_TABLES_IN_305,DEFERRED_TO_SESSION_307,1,DataStore pending budget deletion,V305_SERVER_INFRA_ONLY;PRODUCER_OWNER_DEFERRED,auth.uid()/server producer authority when migrated,PRESERVED_NOT_CUTOVER,DEFERRED_WITH_SAME_SERVER_OBJECT_OWNER,DEFERRED_WITH_SAME_SERVER_OBJECT_OWNER,YES,DEFERRED_WITH_EXPLICIT_OWNER,data/network/src/main/kotlin/com/verto/app/data/sync/SyncCash.kt#pushBudgets|pushBudgetDeletions|pullBudgets | schema(2).sql sha256=fb83bf253fefe7f7b684a41dc5df6e06b0aa933a2c13e26cb835842e1c7f9ea8,Existing server object preserved; no V2 cutover in 305.
CASH_MOVEMENT,310,cash_register_movements,PRESENT_IN_EXACT_DUMP,EXACT_DUMP+SESSION_305_REVISION_2,TABLE,organization_id,cash / SyncCash,LEGACY_OR_DEFERRED_OWNER_310,cash_movements_delete|cash_movements_insert|cash_movements_select|cash_movements_update,LEGACY_PATH_PRESERVED_CUTOVER_DISABLED,NONE_IN_305,NONE_ADDED_TO_BUSINESS_TABLES_IN_305,DEFERRED_TO_SESSION_310,1,NO_CLIENT_DELETE,V305_SERVER_INFRA_ONLY;PRODUCER_OWNER_DEFERRED,auth.uid()/server producer authority when migrated,PRESERVED_NOT_CUTOVER,DEFERRED_WITH_SAME_SERVER_OBJECT_OWNER,DEFERRED_WITH_SAME_SERVER_OBJECT_OWNER,YES,DEFERRED_WITH_EXPLICIT_OWNER,data/network/src/main/kotlin/com/verto/app/data/sync/SyncCash.kt#pushCashMovements|pullCashMovements | schema(2).sql sha256=fb83bf253fefe7f7b684a41dc5df6e06b0aa933a2c13e26cb835842e1c7f9ea8,Existing server object preserved; no V2 cutover in 305.
CASH_RECONCILIATION,310,cash_reconciliation_sessions,PRESENT_IN_EXACT_DUMP,EXACT_DUMP+SESSION_305_REVISION_2,TABLE,organization_id,cash / SyncCash,LEGACY_OR_DEFERRED_OWNER_310,cash_reconciliation_sessions_all,LEGACY_PATH_PRESERVED_CUTOVER_DISABLED,NONE_IN_305,NONE_ADDED_TO_BUSINESS_TABLES_IN_305,DEFERRED_TO_SESSION_310,1,DataStore pending reconciliation deletion,V305_SERVER_INFRA_ONLY;PRODUCER_OWNER_DEFERRED,auth.uid()/server producer authority when migrated,PRESERVED_NOT_CUTOVER,DEFERRED_WITH_SAME_SERVER_OBJECT_OWNER,DEFERRED_WITH_SAME_SERVER_OBJECT_OWNER,YES,DEFERRED_WITH_EXPLICIT_OWNER,data/network/src/main/kotlin/com/verto/app/data/sync/SyncCash.kt#pushCashReconciliations|pushCashDenominations|pullCashReconciliations | schema(2).sql sha256=fb83bf253fefe7f7b684a41dc5df6e06b0aa933a2c13e26cb835842e1c7f9ea8,Existing server object preserved; no V2 cutover in 305.
CASH_RECONCILIATION,310,cash_denominations,PRESENT_IN_EXACT_DUMP,EXACT_DUMP+SESSION_305_REVISION_2,TABLE,organization_id,cash / SyncCash,LEGACY_OR_DEFERRED_OWNER_310,cash_denominations_all,LEGACY_PATH_PRESERVED_CUTOVER_DISABLED,NONE_IN_305,NONE_ADDED_TO_BUSINESS_TABLES_IN_305,DEFERRED_TO_SESSION_310,1,DataStore pending reconciliation deletion,V305_SERVER_INFRA_ONLY;PRODUCER_OWNER_DEFERRED,auth.uid()/server producer authority when migrated,PRESERVED_NOT_CUTOVER,DEFERRED_WITH_SAME_SERVER_OBJECT_OWNER,DEFERRED_WITH_SAME_SERVER_OBJECT_OWNER,YES,DEFERRED_WITH_EXPLICIT_OWNER,data/network/src/main/kotlin/com/verto/app/data/sync/SyncCash.kt#pushCashReconciliations|pushCashDenominations|pullCashReconciliations | schema(2).sql sha256=fb83bf253fefe7f7b684a41dc5df6e06b0aa933a2c13e26cb835842e1c7f9ea8,Existing server object preserved; no V2 cutover in 305.
CASH_REGISTER,310,cash_register,PRESENT_IN_EXACT_DUMP,EXACT_DUMP+SESSION_305_REVISION_2,TABLE,organization_id,cash / SyncCash,LEGACY_OR_DEFERRED_OWNER_310,cash_register_delete|cash_register_insert|cash_register_select|cash_register_update,LEGACY_PATH_PRESERVED_CUTOVER_DISABLED,NONE_IN_305,NONE_ADDED_TO_BUSINESS_TABLES_IN_305,DEFERRED_TO_SESSION_310,1,NO_CLIENT_DELETE,V305_SERVER_INFRA_ONLY;PRODUCER_OWNER_DEFERRED,auth.uid()/server producer authority when migrated,PRESERVED_NOT_CUTOVER,DEFERRED_WITH_SAME_SERVER_OBJECT_OWNER,DEFERRED_WITH_SAME_SERVER_OBJECT_OWNER,YES,DEFERRED_WITH_EXPLICIT_OWNER,data/network/src/main/kotlin/com/verto/app/data/sync/SyncCash.kt#pushCashRegister|pullCashRegister | schema(2).sql sha256=fb83bf253fefe7f7b684a41dc5df6e06b0aa933a2c13e26cb835842e1c7f9ea8,Existing server object preserved; no V2 cutover in 305.
CATEGORY,307,categories,PRESENT_IN_EXACT_DUMP,EXACT_DUMP+SESSION_305_REVISION_2,TABLE,organization_id,inventory / SyncInventory,LEGACY_OR_DEFERRED_OWNER_307,categories_org_isolation,LEGACY_PATH_PRESERVED_CUTOVER_DISABLED,NONE_IN_305,NONE_ADDED_TO_BUSINESS_TABLES_IN_305,DEFERRED_TO_SESSION_307,1,DataStore pending category deletion,V305_SERVER_INFRA_ONLY;PRODUCER_OWNER_DEFERRED,auth.uid()/server producer authority when migrated,PRESERVED_NOT_CUTOVER,DEFERRED_WITH_SAME_SERVER_OBJECT_OWNER,DEFERRED_WITH_SAME_SERVER_OBJECT_OWNER,YES,DEFERRED_WITH_EXPLICIT_OWNER,data/network/src/main/kotlin/com/verto/app/data/sync/SyncInventory.kt#pushCategories|pushCategoryDeletions|pullCategories | schema(2).sql sha256=fb83bf253fefe7f7b684a41dc5df6e06b0aa933a2c13e26cb835842e1c7f9ea8,Existing server object preserved; no V2 cutover in 305.
CLIENT_CREDIT,310,client_credits,PRESENT_IN_EXACT_DUMP,EXACT_DUMP+SESSION_305_REVISION_2,TABLE,organization_id,invoices / SyncClientCredits,LEGACY_OR_DEFERRED_OWNER_310,client_credits_org_isolation,LEGACY_PATH_PRESERVED_CUTOVER_DISABLED,NONE_IN_305,NONE_ADDED_TO_BUSINESS_TABLES_IN_305,DEFERRED_TO_SESSION_310,1,NO_CLIENT_DELETE,V305_SERVER_INFRA_ONLY;PRODUCER_OWNER_DEFERRED,auth.uid()/server producer authority when migrated,PRESERVED_NOT_CUTOVER,DEFERRED_WITH_SAME_SERVER_OBJECT_OWNER,DEFERRED_WITH_SAME_SERVER_OBJECT_OWNER,YES,DEFERRED_WITH_EXPLICIT_OWNER,data/network/src/main/kotlin/com/verto/app/data/sync/SyncClientCredits.kt#pushClientCredits|pullClientCredits | schema(2).sql sha256=fb83bf253fefe7f7b684a41dc5df6e06b0aa933a2c13e26cb835842e1c7f9ea8,Existing server object preserved; no V2 cutover in 305.
COMMISSION_PAYMENT,310,commission_payments,PRESENT_IN_EXACT_DUMP,EXACT_DUMP+SESSION_305_REVISION_2,TABLE,organization_id,cash / pullCommissions,SERVER_READ_ONLY,autodrive_select_commission_payments|commission_payments_select,READ_ONLY_SERVER_AUTHORITY,NONE_IN_305,NONE_ADDED_TO_BUSINESS_TABLES_IN_305,DEFERRED_TO_SESSION_310,1,NO_CLIENT_DELETE,V305_SERVER_INFRA_ONLY;PRODUCER_OWNER_DEFERRED,auth.uid()/server producer authority when migrated,PRESERVED_NOT_CUTOVER,EXISTING_AUTHORITY_OR_NOT_APPLICABLE,EXISTING_AUTHORITY_OR_NOT_APPLICABLE,YES,SERVER_ONLY_DOCUMENTED,data/network/src/main/kotlin/com/verto/app/data/sync/SyncMisc.kt#pullCommissions | schema(2).sql sha256=fb83bf253fefe7f7b684a41dc5df6e06b0aa933a2c13e26cb835842e1c7f9ea8,Existing server object preserved; no V2 cutover in 305.
COST_ALLOCATION,310,cost_allocations,PRESENT_IN_EXACT_DUMP,EXACT_DUMP+SESSION_305_REVISION_2,TABLE,organization_id,inventory / SyncCash cost allocations,LEGACY_OR_DEFERRED_OWNER_310,cost_allocations_all,LEGACY_PATH_PRESERVED_CUTOVER_DISABLED,NONE_IN_305,NONE_ADDED_TO_BUSINESS_TABLES_IN_305,DEFERRED_TO_SESSION_310,1,NO_CLIENT_DELETE,V305_SERVER_INFRA_ONLY;PRODUCER_OWNER_DEFERRED,auth.uid()/server producer authority when migrated,PRESERVED_NOT_CUTOVER,DEFERRED_WITH_SAME_SERVER_OBJECT_OWNER,DEFERRED_WITH_SAME_SERVER_OBJECT_OWNER,YES,DEFERRED_WITH_EXPLICIT_OWNER,data/network/src/main/kotlin/com/verto/app/data/sync/SyncCash.kt#pushCostAllocations|pullCostAllocations | schema(2).sql sha256=fb83bf253fefe7f7b684a41dc5df6e06b0aa933a2c13e26cb835842e1c7f9ea8,Existing server object preserved; no V2 cutover in 305.
CUSTOMER_PROFILE,307,clients,PRESENT_IN_EXACT_DUMP,EXACT_DUMP+SESSION_305_REVISION_2,TABLE,organization_id,clients / Party normalized contract,EXISTING_STRONGER_CONTRACT,clients_delete|clients_insert|clients_select|clients_update,EXISTING_PARTY_CONTRACT_PRESERVED,NONE_IN_305,NONE_ADDED_TO_BUSINESS_TABLES_IN_305,EXISTING_CONTRACT,2,legacy Party TOMBSTONE / unified DELETE mapping,EXISTING_STREAM,auth.uid()/server producer authority when migrated,PRESERVED_NOT_CUTOVER,EXISTING_AUTHORITY_OR_NOT_APPLICABLE,EXISTING_AUTHORITY_OR_NOT_APPLICABLE,YES,EXISTING_STRONGER_STREAM,data/database/src/main/kotlin/com/verto/app/data/local/entity/PartyNormalizedEntities.kt|data/network/src/main/kotlin/com/verto/app/data/sync/PartySyncV2Contract.kt#CustomerProfileEntity|PartyMutationV2 | schema(2).sql sha256=fb83bf253fefe7f7b684a41dc5df6e06b0aa933a2c13e26cb835842e1c7f9ea8,Existing server object preserved; no V2 cutover in 305.
CUSTOMER_PROFILE,307,verto_upsert_client_v1,PRESENT_IN_EXACT_DUMP,EXACT_DUMP+SESSION_305_REVISION_2,FUNCTION,SERVER_DERIVED_OR_FUNCTION_ARGUMENT,clients / Party normalized contract,EXISTING_STRONGER_CONTRACT,NO_RLS_POLICY_OBJECT_OR_FUNCTION,EXISTING_PARTY_CONTRACT_PRESERVED,verto_upsert_client_v1,NONE_ADDED_TO_BUSINESS_TABLES_IN_305,EXISTING_CONTRACT,2,legacy Party TOMBSTONE / unified DELETE mapping,EXISTING_STREAM,auth.uid()/server producer authority when migrated,PRESERVED_NOT_CUTOVER,EXISTING_AUTHORITY_OR_NOT_APPLICABLE,EXISTING_AUTHORITY_OR_NOT_APPLICABLE,YES,EXISTING_STRONGER_STREAM,data/database/src/main/kotlin/com/verto/app/data/local/entity/PartyNormalizedEntities.kt|data/network/src/main/kotlin/com/verto/app/data/sync/PartySyncV2Contract.kt#CustomerProfileEntity|PartyMutationV2 | schema(2).sql sha256=fb83bf253fefe7f7b684a41dc5df6e06b0aa933a2c13e26cb835842e1c7f9ea8,Existing server object preserved; no V2 cutover in 305.
EDUCATIONAL_CONTENT,307,educational_topics,PRESENT_IN_EXACT_DUMP,EXACT_DUMP+SESSION_305_REVISION_2,TABLE,organization_id,educational_content / EducationalContentSyncParticipant,LEGACY_OR_DEFERRED_OWNER_307,educational_topics_admin_delete|educational_topics_admin_insert|educational_topics_admin_update|educational_topics_select,LEGACY_PATH_PRESERVED_CUTOVER_DISABLED,NONE_IN_305,NONE_ADDED_TO_BUSINESS_TABLES_IN_305,DEFERRED_TO_SESSION_307,1,deletedAt dirty marker -> remote delete -> hardDelete,V305_SERVER_INFRA_ONLY;PRODUCER_OWNER_DEFERRED,auth.uid()/server producer authority when migrated,PRESERVED_NOT_CUTOVER,DEFERRED_WITH_SAME_SERVER_OBJECT_OWNER,DEFERRED_WITH_SAME_SERVER_OBJECT_OWNER,YES,DEFERRED_WITH_EXPLICIT_OWNER,feature/dashboard/src/main/kotlin/com/verto/app/feature/dashboard/data/education/EducationalContentSyncParticipant.kt#pushTopics|pushDeletions|pullTopics | schema(2).sql sha256=fb83bf253fefe7f7b684a41dc5df6e06b0aa933a2c13e26cb835842e1c7f9ea8,Existing server object preserved; no V2 cutover in 305.
EDUCATIONAL_CONTENT,307,educational_topic_targets,PRESENT_IN_EXACT_DUMP,EXACT_DUMP+SESSION_305_REVISION_2,TABLE,organization_id,educational_content / EducationalContentSyncParticipant,LEGACY_OR_DEFERRED_OWNER_307,educational_targets_admin_delete|educational_targets_admin_insert|educational_targets_admin_update|educational_targets_select,LEGACY_PATH_PRESERVED_CUTOVER_DISABLED,NONE_IN_305,NONE_ADDED_TO_BUSINESS_TABLES_IN_305,DEFERRED_TO_SESSION_307,1,deletedAt dirty marker -> remote delete -> hardDelete,V305_SERVER_INFRA_ONLY;PRODUCER_OWNER_DEFERRED,auth.uid()/server producer authority when migrated,PRESERVED_NOT_CUTOVER,DEFERRED_WITH_SAME_SERVER_OBJECT_OWNER,DEFERRED_WITH_SAME_SERVER_OBJECT_OWNER,YES,DEFERRED_WITH_EXPLICIT_OWNER,feature/dashboard/src/main/kotlin/com/verto/app/feature/dashboard/data/education/EducationalContentSyncParticipant.kt#pushTopics|pushDeletions|pullTopics | schema(2).sql sha256=fb83bf253fefe7f7b684a41dc5df6e06b0aa933a2c13e26cb835842e1c7f9ea8,Existing server object preserved; no V2 cutover in 305.
EXPENSE,310,expenses,PRESENT_IN_EXACT_DUMP,EXACT_DUMP+SESSION_305_REVISION_2,TABLE,organization_id,cash / SyncMisc,LEGACY_OR_DEFERRED_OWNER_310,expenses_delete|expenses_insert|expenses_select|expenses_update,LEGACY_PATH_PRESERVED_CUTOVER_DISABLED,NONE_IN_305,NONE_ADDED_TO_BUSINESS_TABLES_IN_305,DEFERRED_TO_SESSION_310,1,DataStore pending expense deletion,V305_SERVER_INFRA_ONLY;PRODUCER_OWNER_DEFERRED,auth.uid()/server producer authority when migrated,PRESERVED_NOT_CUTOVER,DEFERRED_WITH_SAME_SERVER_OBJECT_OWNER,DEFERRED_WITH_SAME_SERVER_OBJECT_OWNER,YES,DEFERRED_WITH_EXPLICIT_OWNER,data/network/src/main/kotlin/com/verto/app/data/sync/SyncMisc.kt#pushExpenses|pushExpenseDeletions|pullExpenses | schema(2).sql sha256=fb83bf253fefe7f7b684a41dc5df6e06b0aa933a2c13e26cb835842e1c7f9ea8,Existing server object preserved; no V2 cutover in 305.
GOODS_RECEIPT,310,goods_receipts,ABSENT_IN_EXACT_DUMP,EXACT_DUMP+SESSION_305_REVISION_2,PLANNED_SERVER_OBJECT,OWNER_SESSION_TO_DEFINE,invoices / purchase cycle,LEGACY_OR_DEFERRED_OWNER_310,NOT_PRESENT,NOT_APPLICABLE_UNTIL_OWNER_SESSION,NONE_IN_305,NONE_ADDED_TO_BUSINESS_TABLES_IN_305,DEFERRED_TO_SESSION_310,1,NO_CLIENT_DELETE,V305_SERVER_INFRA_ONLY;PRODUCER_OWNER_DEFERRED,auth.uid()/server producer authority when migrated,NO_CURRENT_SERVER_OBJECT,DEFERRED_WITH_SAME_SERVER_OBJECT_OWNER,DEFERRED_WITH_SAME_SERVER_OBJECT_OWNER,YES,DEFERRED_WITH_EXPLICIT_OWNER,data/network/src/main/kotlin/com/verto/app/data/sync/SyncPurchaseCycle.kt#pushPurchaseCyclePreInvoices|pullPurchaseCyclePreInvoices | schema(2).sql sha256=fb83bf253fefe7f7b684a41dc5df6e06b0aa933a2c13e26cb835842e1c7f9ea8,REVISION_2 absent mapping; do not invent in 305.
GOODS_RECEIPT,310,goods_receipt_lines,ABSENT_IN_EXACT_DUMP,EXACT_DUMP+SESSION_305_REVISION_2,PLANNED_SERVER_OBJECT,OWNER_SESSION_TO_DEFINE,invoices / purchase cycle,LEGACY_OR_DEFERRED_OWNER_310,NOT_PRESENT,NOT_APPLICABLE_UNTIL_OWNER_SESSION,NONE_IN_305,NONE_ADDED_TO_BUSINESS_TABLES_IN_305,DEFERRED_TO_SESSION_310,1,NO_CLIENT_DELETE,V305_SERVER_INFRA_ONLY;PRODUCER_OWNER_DEFERRED,auth.uid()/server producer authority when migrated,NO_CURRENT_SERVER_OBJECT,DEFERRED_WITH_SAME_SERVER_OBJECT_OWNER,DEFERRED_WITH_SAME_SERVER_OBJECT_OWNER,YES,DEFERRED_WITH_EXPLICIT_OWNER,data/network/src/main/kotlin/com/verto/app/data/sync/SyncPurchaseCycle.kt#pushPurchaseCyclePreInvoices|pullPurchaseCyclePreInvoices | schema(2).sql sha256=fb83bf253fefe7f7b684a41dc5df6e06b0aa933a2c13e26cb835842e1c7f9ea8,REVISION_2 absent mapping; do not invent in 305.
GOODS_RECEIPT,310,purchase_cycle_attachments,ABSENT_IN_EXACT_DUMP,EXACT_DUMP+SESSION_305_REVISION_2,PLANNED_SERVER_OBJECT,OWNER_SESSION_TO_DEFINE,invoices / purchase cycle,LEGACY_OR_DEFERRED_OWNER_310,NOT_PRESENT,NOT_APPLICABLE_UNTIL_OWNER_SESSION,NONE_IN_305,NONE_ADDED_TO_BUSINESS_TABLES_IN_305,DEFERRED_TO_SESSION_310,1,NO_CLIENT_DELETE,V305_SERVER_INFRA_ONLY;PRODUCER_OWNER_DEFERRED,auth.uid()/server producer authority when migrated,NO_CURRENT_SERVER_OBJECT,DEFERRED_WITH_SAME_SERVER_OBJECT_OWNER,DEFERRED_WITH_SAME_SERVER_OBJECT_OWNER,YES,DEFERRED_WITH_EXPLICIT_OWNER,data/network/src/main/kotlin/com/verto/app/data/sync/SyncPurchaseCycle.kt#pushPurchaseCyclePreInvoices|pullPurchaseCyclePreInvoices | schema(2).sql sha256=fb83bf253fefe7f7b684a41dc5df6e06b0aa933a2c13e26cb835842e1c7f9ea8,REVISION_2 absent mapping; do not invent in 305.
GOODS_RECEIPT,310,verto_purchase_cycle_push_pre_v253,ABSENT_IN_EXACT_DUMP,EXACT_DUMP+SESSION_305_REVISION_2,PLANNED_SERVER_OBJECT,OWNER_SESSION_TO_DEFINE,invoices / purchase cycle,LEGACY_OR_DEFERRED_OWNER_310,NOT_PRESENT,NOT_APPLICABLE_UNTIL_OWNER_SESSION,NONE_IN_305,NONE_ADDED_TO_BUSINESS_TABLES_IN_305,DEFERRED_TO_SESSION_310,1,NO_CLIENT_DELETE,V305_SERVER_INFRA_ONLY;PRODUCER_OWNER_DEFERRED,auth.uid()/server producer authority when migrated,NO_CURRENT_SERVER_OBJECT,DEFERRED_WITH_SAME_SERVER_OBJECT_OWNER,DEFERRED_WITH_SAME_SERVER_OBJECT_OWNER,YES,DEFERRED_WITH_EXPLICIT_OWNER,data/network/src/main/kotlin/com/verto/app/data/sync/SyncPurchaseCycle.kt#pushPurchaseCyclePreInvoices|pullPurchaseCyclePreInvoices | schema(2).sql sha256=fb83bf253fefe7f7b684a41dc5df6e06b0aa933a2c13e26cb835842e1c7f9ea8,REVISION_2 absent mapping; do not invent in 305.
INVENTORY_COST_REVISION,310,inventory_apply_cost_revisions_v2,ABSENT_IN_EXACT_DUMP,EXACT_DUMP+SESSION_305_REVISION_2,PLANNED_SERVER_OBJECT,OWNER_SESSION_TO_DEFINE,inventory / inventory_cost_outbox,LEGACY_OR_DEFERRED_OWNER_310,NOT_PRESENT,NOT_APPLICABLE_UNTIL_OWNER_SESSION,NONE_IN_305,NONE_ADDED_TO_BUSINESS_TABLES_IN_305,DEFERRED_TO_SESSION_310,1,NO_CLIENT_DELETE,V305_SERVER_INFRA_ONLY;PRODUCER_OWNER_DEFERRED,auth.uid()/server producer authority when migrated,NO_CURRENT_SERVER_OBJECT,DEFERRED_WITH_SAME_SERVER_OBJECT_OWNER,DEFERRED_WITH_SAME_SERVER_OBJECT_OWNER,YES,DEFERRED_WITH_EXPLICIT_OWNER,data/network/src/main/kotlin/com/verto/app/data/sync/SyncInventoryLedgerV2.kt#pushInventoryCostRevisions|pullInventoryCostRevisions | schema(2).sql sha256=fb83bf253fefe7f7b684a41dc5df6e06b0aa933a2c13e26cb835842e1c7f9ea8,REVISION_2 absent mapping; do not invent in 305.
INVENTORY_COST_REVISION,310,inventory_pull_cost_revisions_v2,ABSENT_IN_EXACT_DUMP,EXACT_DUMP+SESSION_305_REVISION_2,PLANNED_SERVER_OBJECT,OWNER_SESSION_TO_DEFINE,inventory / inventory_cost_outbox,LEGACY_OR_DEFERRED_OWNER_310,NOT_PRESENT,NOT_APPLICABLE_UNTIL_OWNER_SESSION,NONE_IN_305,NONE_ADDED_TO_BUSINESS_TABLES_IN_305,DEFERRED_TO_SESSION_310,1,NO_CLIENT_DELETE,V305_SERVER_INFRA_ONLY;PRODUCER_OWNER_DEFERRED,auth.uid()/server producer authority when migrated,NO_CURRENT_SERVER_OBJECT,DEFERRED_WITH_SAME_SERVER_OBJECT_OWNER,DEFERRED_WITH_SAME_SERVER_OBJECT_OWNER,YES,DEFERRED_WITH_EXPLICIT_OWNER,data/network/src/main/kotlin/com/verto/app/data/sync/SyncInventoryLedgerV2.kt#pushInventoryCostRevisions|pullInventoryCostRevisions | schema(2).sql sha256=fb83bf253fefe7f7b684a41dc5df6e06b0aa933a2c13e26cb835842e1c7f9ea8,REVISION_2 absent mapping; do not invent in 305.
INVENTORY_ITEM,307,inventory_items,PRESENT_IN_EXACT_DUMP,EXACT_DUMP+SESSION_305_REVISION_2,TABLE,organization_id,inventory / SyncInventory,LEGACY_OR_DEFERRED_OWNER_307,inventory_items_delete|inventory_items_insert|inventory_items_select|inventory_items_update,LEGACY_PATH_PRESERVED_CUTOVER_DISABLED,NONE_IN_305,NONE_ADDED_TO_BUSINESS_TABLES_IN_305,DEFERRED_TO_SESSION_307,1,archive_inventory_item_v2 + pending deletion queue,V305_SERVER_INFRA_ONLY;PRODUCER_OWNER_DEFERRED,auth.uid()/server producer authority when migrated,PRESERVED_NOT_CUTOVER,DEFERRED_WITH_SAME_SERVER_OBJECT_OWNER,DEFERRED_WITH_SAME_SERVER_OBJECT_OWNER,YES,DEFERRED_WITH_EXPLICIT_OWNER,data/network/src/main/kotlin/com/verto/app/data/sync/SyncInventory.kt#pushInventoryItems|pushInventoryDeletions|pullInventoryItems | schema(2).sql sha256=fb83bf253fefe7f7b684a41dc5df6e06b0aa933a2c13e26cb835842e1c7f9ea8,Existing server object preserved; no V2 cutover in 305.
INVENTORY_ITEM,307,archive_inventory_item_v2,ABSENT_IN_EXACT_DUMP,EXACT_DUMP+SESSION_305_REVISION_2,PLANNED_SERVER_OBJECT,OWNER_SESSION_TO_DEFINE,inventory / SyncInventory,LEGACY_OR_DEFERRED_OWNER_307,NOT_PRESENT,NOT_APPLICABLE_UNTIL_OWNER_SESSION,NONE_IN_305,NONE_ADDED_TO_BUSINESS_TABLES_IN_305,DEFERRED_TO_SESSION_307,1,archive_inventory_item_v2 + pending deletion queue,V305_SERVER_INFRA_ONLY;PRODUCER_OWNER_DEFERRED,auth.uid()/server producer authority when migrated,NO_CURRENT_SERVER_OBJECT,DEFERRED_WITH_SAME_SERVER_OBJECT_OWNER,DEFERRED_WITH_SAME_SERVER_OBJECT_OWNER,YES,DEFERRED_WITH_EXPLICIT_OWNER,data/network/src/main/kotlin/com/verto/app/data/sync/SyncInventory.kt#pushInventoryItems|pushInventoryDeletions|pullInventoryItems | schema(2).sql sha256=fb83bf253fefe7f7b684a41dc5df6e06b0aa933a2c13e26cb835842e1c7f9ea8,REVISION_2 absent mapping; do not invent in 305.
INVENTORY_MOVEMENT,310,inventory_apply_commands_v2,ABSENT_IN_EXACT_DUMP,EXACT_DUMP+SESSION_305_REVISION_2,PLANNED_SERVER_OBJECT,OWNER_SESSION_TO_DEFINE,inventory / inventory_stock_outbox,LEGACY_OR_DEFERRED_OWNER_310,NOT_PRESENT,NOT_APPLICABLE_UNTIL_OWNER_SESSION,NONE_IN_305,NONE_ADDED_TO_BUSINESS_TABLES_IN_305,DEFERRED_TO_SESSION_310,1,NO_CLIENT_DELETE,V305_SERVER_INFRA_ONLY;PRODUCER_OWNER_DEFERRED,auth.uid()/server producer authority when migrated,NO_CURRENT_SERVER_OBJECT,DEFERRED_WITH_SAME_SERVER_OBJECT_OWNER,DEFERRED_WITH_SAME_SERVER_OBJECT_OWNER,YES,DEFERRED_WITH_EXPLICIT_OWNER,data/network/src/main/kotlin/com/verto/app/data/sync/SyncInventoryLedgerV2.kt|data/network/src/main/kotlin/com/verto/app/data/sync/SyncInventoryReconciliation.kt#pushInventoryMovements|pullInventoryMovements|prepareReconciliationBatch | schema(2).sql sha256=fb83bf253fefe7f7b684a41dc5df6e06b0aa933a2c13e26cb835842e1c7f9ea8,REVISION_2 absent mapping; do not invent in 305.
INVENTORY_MOVEMENT,310,inventory_pull_movements_v2,ABSENT_IN_EXACT_DUMP,EXACT_DUMP+SESSION_305_REVISION_2,PLANNED_SERVER_OBJECT,OWNER_SESSION_TO_DEFINE,inventory / inventory_stock_outbox,LEGACY_OR_DEFERRED_OWNER_310,NOT_PRESENT,NOT_APPLICABLE_UNTIL_OWNER_SESSION,NONE_IN_305,NONE_ADDED_TO_BUSINESS_TABLES_IN_305,DEFERRED_TO_SESSION_310,1,NO_CLIENT_DELETE,V305_SERVER_INFRA_ONLY;PRODUCER_OWNER_DEFERRED,auth.uid()/server producer authority when migrated,NO_CURRENT_SERVER_OBJECT,DEFERRED_WITH_SAME_SERVER_OBJECT_OWNER,DEFERRED_WITH_SAME_SERVER_OBJECT_OWNER,YES,DEFERRED_WITH_EXPLICIT_OWNER,data/network/src/main/kotlin/com/verto/app/data/sync/SyncInventoryLedgerV2.kt|data/network/src/main/kotlin/com/verto/app/data/sync/SyncInventoryReconciliation.kt#pushInventoryMovements|pullInventoryMovements|prepareReconciliationBatch | schema(2).sql sha256=fb83bf253fefe7f7b684a41dc5df6e06b0aa933a2c13e26cb835842e1c7f9ea8,REVISION_2 absent mapping; do not invent in 305.
INVENTORY_MOVEMENT,310,inventory_prepare_reconciliation_batch_v2,ABSENT_IN_EXACT_DUMP,EXACT_DUMP+SESSION_305_REVISION_2,PLANNED_SERVER_OBJECT,OWNER_SESSION_TO_DEFINE,inventory / inventory_stock_outbox,LEGACY_OR_DEFERRED_OWNER_310,NOT_PRESENT,NOT_APPLICABLE_UNTIL_OWNER_SESSION,NONE_IN_305,NONE_ADDED_TO_BUSINESS_TABLES_IN_305,DEFERRED_TO_SESSION_310,1,NO_CLIENT_DELETE,V305_SERVER_INFRA_ONLY;PRODUCER_OWNER_DEFERRED,auth.uid()/server producer authority when migrated,NO_CURRENT_SERVER_OBJECT,DEFERRED_WITH_SAME_SERVER_OBJECT_OWNER,DEFERRED_WITH_SAME_SERVER_OBJECT_OWNER,YES,DEFERRED_WITH_EXPLICIT_OWNER,data/network/src/main/kotlin/com/verto/app/data/sync/SyncInventoryLedgerV2.kt|data/network/src/main/kotlin/com/verto/app/data/sync/SyncInventoryReconciliation.kt#pushInventoryMovements|pullInventoryMovements|prepareReconciliationBatch | schema(2).sql sha256=fb83bf253fefe7f7b684a41dc5df6e06b0aa933a2c13e26cb835842e1c7f9ea8,REVISION_2 absent mapping; do not invent in 305.
INVENTORY_UNIT,307,inventory_units,PRESENT_IN_EXACT_DUMP,EXACT_DUMP+SESSION_305_REVISION_2,TABLE,organization_id,inventory / SyncInventory,LEGACY_OR_DEFERRED_OWNER_307,inventory_units_delete|inventory_units_insert|inventory_units_select|inventory_units_update,LEGACY_PATH_PRESERVED_CUTOVER_DISABLED,NONE_IN_305,NONE_ADDED_TO_BUSINESS_TABLES_IN_305,DEFERRED_TO_SESSION_307,1,DataStore pending unit deletion,V305_SERVER_INFRA_ONLY;PRODUCER_OWNER_DEFERRED,auth.uid()/server producer authority when migrated,PRESERVED_NOT_CUTOVER,DEFERRED_WITH_SAME_SERVER_OBJECT_OWNER,DEFERRED_WITH_SAME_SERVER_OBJECT_OWNER,YES,DEFERRED_WITH_EXPLICIT_OWNER,data/network/src/main/kotlin/com/verto/app/data/sync/SyncInventory.kt#pushInventoryUnits|pushUnitDeletions|pullInventoryUnits | schema(2).sql sha256=fb83bf253fefe7f7b684a41dc5df6e06b0aa933a2c13e26cb835842e1c7f9ea8,Existing server object preserved; no V2 cutover in 305.
INVOICE,310,invoices,PRESENT_IN_EXACT_DUMP,EXACT_DUMP+SESSION_305_REVISION_2,TABLE,organization_id,invoices / financial_outbox + legacy invoice sync,LEGACY_OR_DEFERRED_OWNER_310,autodrive_select_invoices|invoices_delete|invoices_insert|invoices_select|invoices_update,LEGACY_PATH_PRESERVED_CUTOVER_DISABLED,NONE_IN_305,NONE_ADDED_TO_BUSINESS_TABLES_IN_305,DEFERRED_TO_SESSION_310,1,pushInvoiceDeletions legacy + financial VOID/REVERSE target,V305_SERVER_INFRA_ONLY;PRODUCER_OWNER_DEFERRED,auth.uid()/server producer authority when migrated,PRESERVED_NOT_CUTOVER,DEFERRED_WITH_SAME_SERVER_OBJECT_OWNER,DEFERRED_WITH_SAME_SERVER_OBJECT_OWNER,YES,DEFERRED_WITH_EXPLICIT_OWNER,data/network/src/main/kotlin/com/verto/app/data/sync/SyncInvoiceHeaders.kt|data/network/src/main/kotlin/com/verto/app/data/sync/SyncFinancialEvents.kt#pushInvoices|pushFinancialOutbox|pullFinancialInbox | schema(2).sql sha256=fb83bf253fefe7f7b684a41dc5df6e06b0aa933a2c13e26cb835842e1c7f9ea8,Existing server object preserved; no V2 cutover in 305.
INVOICE,310,invoice_items,PRESENT_IN_EXACT_DUMP,EXACT_DUMP+SESSION_305_REVISION_2,TABLE,organization_id,invoices / financial_outbox + legacy invoice sync,LEGACY_OR_DEFERRED_OWNER_310,autodrive_select_invoice_items|invoice_items_policy,LEGACY_PATH_PRESERVED_CUTOVER_DISABLED,NONE_IN_305,NONE_ADDED_TO_BUSINESS_TABLES_IN_305,DEFERRED_TO_SESSION_310,1,pushInvoiceDeletions legacy + financial VOID/REVERSE target,V305_SERVER_INFRA_ONLY;PRODUCER_OWNER_DEFERRED,auth.uid()/server producer authority when migrated,PRESERVED_NOT_CUTOVER,DEFERRED_WITH_SAME_SERVER_OBJECT_OWNER,DEFERRED_WITH_SAME_SERVER_OBJECT_OWNER,YES,DEFERRED_WITH_EXPLICIT_OWNER,data/network/src/main/kotlin/com/verto/app/data/sync/SyncInvoiceHeaders.kt|data/network/src/main/kotlin/com/verto/app/data/sync/SyncFinancialEvents.kt#pushInvoices|pushFinancialOutbox|pullFinancialInbox | schema(2).sql sha256=fb83bf253fefe7f7b684a41dc5df6e06b0aa933a2c13e26cb835842e1c7f9ea8,Existing server object preserved; no V2 cutover in 305.
INVOICE,310,financial_sync_apply_event_v1,ABSENT_IN_EXACT_DUMP,EXACT_DUMP+SESSION_305_REVISION_2,PLANNED_SERVER_OBJECT,OWNER_SESSION_TO_DEFINE,invoices / financial_outbox + legacy invoice sync,LEGACY_OR_DEFERRED_OWNER_310,NOT_PRESENT,NOT_APPLICABLE_UNTIL_OWNER_SESSION,NONE_IN_305,NONE_ADDED_TO_BUSINESS_TABLES_IN_305,DEFERRED_TO_SESSION_310,1,pushInvoiceDeletions legacy + financial VOID/REVERSE target,V305_SERVER_INFRA_ONLY;PRODUCER_OWNER_DEFERRED,auth.uid()/server producer authority when migrated,NO_CURRENT_SERVER_OBJECT,DEFERRED_WITH_SAME_SERVER_OBJECT_OWNER,DEFERRED_WITH_SAME_SERVER_OBJECT_OWNER,YES,DEFERRED_WITH_EXPLICIT_OWNER,data/network/src/main/kotlin/com/verto/app/data/sync/SyncInvoiceHeaders.kt|data/network/src/main/kotlin/com/verto/app/data/sync/SyncFinancialEvents.kt#pushInvoices|pushFinancialOutbox|pullFinancialInbox | schema(2).sql sha256=fb83bf253fefe7f7b684a41dc5df6e06b0aa933a2c13e26cb835842e1c7f9ea8,REVISION_2 absent mapping; do not invent in 305.
INVOICE,310,financial_sync_pull_events_v1,ABSENT_IN_EXACT_DUMP,EXACT_DUMP+SESSION_305_REVISION_2,PLANNED_SERVER_OBJECT,OWNER_SESSION_TO_DEFINE,invoices / financial_outbox + legacy invoice sync,LEGACY_OR_DEFERRED_OWNER_310,NOT_PRESENT,NOT_APPLICABLE_UNTIL_OWNER_SESSION,NONE_IN_305,NONE_ADDED_TO_BUSINESS_TABLES_IN_305,DEFERRED_TO_SESSION_310,1,pushInvoiceDeletions legacy + financial VOID/REVERSE target,V305_SERVER_INFRA_ONLY;PRODUCER_OWNER_DEFERRED,auth.uid()/server producer authority when migrated,NO_CURRENT_SERVER_OBJECT,DEFERRED_WITH_SAME_SERVER_OBJECT_OWNER,DEFERRED_WITH_SAME_SERVER_OBJECT_OWNER,YES,DEFERRED_WITH_EXPLICIT_OWNER,data/network/src/main/kotlin/com/verto/app/data/sync/SyncInvoiceHeaders.kt|data/network/src/main/kotlin/com/verto/app/data/sync/SyncFinancialEvents.kt#pushInvoices|pushFinancialOutbox|pullFinancialInbox | schema(2).sql sha256=fb83bf253fefe7f7b684a41dc5df6e06b0aa933a2c13e26cb835842e1c7f9ea8,REVISION_2 absent mapping; do not invent in 305.
ITEM_CATEGORY,307,item_categories,PRESENT_IN_EXACT_DUMP,EXACT_DUMP+SESSION_305_REVISION_2,TABLE,organization_id,inventory / SyncInventory,LEGACY_OR_DEFERRED_OWNER_307,item_categories_all,LEGACY_PATH_PRESERVED_CUTOVER_DISABLED,NONE_IN_305,NONE_ADDED_TO_BUSINESS_TABLES_IN_305,DEFERRED_TO_SESSION_307,1,NOT_SUPPORTED_BY_DOMAIN,V305_SERVER_INFRA_ONLY;PRODUCER_OWNER_DEFERRED,auth.uid()/server producer authority when migrated,PRESERVED_NOT_CUTOVER,DEFERRED_WITH_SAME_SERVER_OBJECT_OWNER,DEFERRED_WITH_SAME_SERVER_OBJECT_OWNER,YES,DEFERRED_WITH_EXPLICIT_OWNER,data/network/src/main/kotlin/com/verto/app/data/sync/SyncInventory.kt#pushItemCategories|pullItemCategories | schema(2).sql sha256=fb83bf253fefe7f7b684a41dc5df6e06b0aa933a2c13e26cb835842e1c7f9ea8,Existing server object preserved; no V2 cutover in 305.
NOTE,307,notes,PRESENT_IN_EXACT_DUMP,EXACT_DUMP+SESSION_305_REVISION_2,TABLE,organization_id,clients / SyncMisc,LEGACY_OR_DEFERRED_OWNER_307,notes_all,LEGACY_PATH_PRESERVED_CUTOVER_DISABLED,NONE_IN_305,NONE_ADDED_TO_BUSINESS_TABLES_IN_305,DEFERRED_TO_SESSION_307,1,no explicit remote delete in participant; owner 307,V305_SERVER_INFRA_ONLY;PRODUCER_OWNER_DEFERRED,auth.uid()/server producer authority when migrated,PRESERVED_NOT_CUTOVER,DEFERRED_WITH_SAME_SERVER_OBJECT_OWNER,DEFERRED_WITH_SAME_SERVER_OBJECT_OWNER,YES,DEFERRED_WITH_EXPLICIT_OWNER,data/network/src/main/kotlin/com/verto/app/data/sync/SyncMisc.kt#pushNotes|pullNotes | schema(2).sql sha256=fb83bf253fefe7f7b684a41dc5df6e06b0aa933a2c13e26cb835842e1c7f9ea8,Existing server object preserved; no V2 cutover in 305.
NOTIFICATION,308,get_my_notifications_cache,PRESENT_IN_EXACT_DUMP,EXACT_DUMP+SESSION_305_REVISION_2,FUNCTION,SERVER_DERIVED_OR_FUNCTION_ARGUMENT,organization / SyncNotifications,SERVER_READ_ONLY,NO_RLS_POLICY_OBJECT_OR_FUNCTION,READ_ONLY_SERVER_AUTHORITY,NONE_IN_305,NONE_ADDED_TO_BUSINESS_TABLES_IN_305,DEFERRED_TO_SESSION_308,1,SERVER_OWNED,V305_SERVER_INFRA_ONLY;PRODUCER_OWNER_DEFERRED,auth.uid()/server producer authority when migrated,PRESERVED_NOT_CUTOVER,EXISTING_AUTHORITY_OR_NOT_APPLICABLE,EXISTING_AUTHORITY_OR_NOT_APPLICABLE,YES,SERVER_ONLY_DOCUMENTED,data/network/src/main/kotlin/com/verto/app/data/sync/SyncNotifications.kt#pullNotifications | schema(2).sql sha256=fb83bf253fefe7f7b684a41dc5df6e06b0aa933a2c13e26cb835842e1c7f9ea8,Existing server object preserved; no V2 cutover in 305.
OPTIMAL_FOLLOW_UP,310,optimal_sync_change_log,PRESENT_IN_EXACT_DUMP,EXACT_DUMP+SESSION_305_REVISION_2,TABLE,company_id,optimal_outbox bridge,EXISTING_STRONGER_CONTRACT,optimal_sync_change_log_member_select,EXISTING_STREAM_PRESERVED,NONE_IN_305,NONE_ADDED_TO_BUSINESS_TABLES_IN_305,EXISTING_CONTRACT,1,NO_CLIENT_DELETE,EXISTING_STREAM,auth.uid()/server producer authority when migrated,PRESERVED_NOT_CUTOVER,EXISTING_AUTHORITY_OR_NOT_APPLICABLE,EXISTING_AUTHORITY_OR_NOT_APPLICABLE,YES,EXISTING_STRONGER_STREAM,feature/integration/optimal/src/main/kotlin/com/verto/app/feature/integration/optimal/application/OptimalOutboxSyncParticipant.kt#OptimalOutboxSyncParticipant.syncOrganization | schema(2).sql sha256=fb83bf253fefe7f7b684a41dc5df6e06b0aa933a2c13e26cb835842e1c7f9ea8,Existing server object preserved; no V2 cutover in 305.
OPTIMAL_FOLLOW_UP,310,optimal_apply_sync_operation_v2,PRESENT_IN_EXACT_DUMP,EXACT_DUMP+SESSION_305_REVISION_2,FUNCTION,SERVER_DERIVED_OR_FUNCTION_ARGUMENT,optimal_outbox bridge,EXISTING_STRONGER_CONTRACT,NO_RLS_POLICY_OBJECT_OR_FUNCTION,EXISTING_STREAM_PRESERVED,optimal_apply_sync_operation_v2,NONE_ADDED_TO_BUSINESS_TABLES_IN_305,EXISTING_CONTRACT,1,NO_CLIENT_DELETE,EXISTING_STREAM,auth.uid()/server producer authority when migrated,PRESERVED_NOT_CUTOVER,EXISTING_AUTHORITY_OR_NOT_APPLICABLE,EXISTING_AUTHORITY_OR_NOT_APPLICABLE,YES,EXISTING_STRONGER_STREAM,feature/integration/optimal/src/main/kotlin/com/verto/app/feature/integration/optimal/application/OptimalOutboxSyncParticipant.kt#OptimalOutboxSyncParticipant.syncOrganization | schema(2).sql sha256=fb83bf253fefe7f7b684a41dc5df6e06b0aa933a2c13e26cb835842e1c7f9ea8,Existing server object preserved; no V2 cutover in 305.
OPTIMAL_FOLLOW_UP,310,optimal_pull_sync_changes,PRESENT_IN_EXACT_DUMP,EXACT_DUMP+SESSION_305_REVISION_2,FUNCTION,SERVER_DERIVED_OR_FUNCTION_ARGUMENT,optimal_outbox bridge,EXISTING_STRONGER_CONTRACT,NO_RLS_POLICY_OBJECT_OR_FUNCTION,EXISTING_STREAM_PRESERVED,optimal_pull_sync_changes,NONE_ADDED_TO_BUSINESS_TABLES_IN_305,EXISTING_CONTRACT,1,NO_CLIENT_DELETE,EXISTING_STREAM,auth.uid()/server producer authority when migrated,PRESERVED_NOT_CUTOVER,EXISTING_AUTHORITY_OR_NOT_APPLICABLE,EXISTING_AUTHORITY_OR_NOT_APPLICABLE,YES,EXISTING_STRONGER_STREAM,feature/integration/optimal/src/main/kotlin/com/verto/app/feature/integration/optimal/application/OptimalOutboxSyncParticipant.kt#OptimalOutboxSyncParticipant.syncOrganization | schema(2).sql sha256=fb83bf253fefe7f7b684a41dc5df6e06b0aa933a2c13e26cb835842e1c7f9ea8,Existing server object preserved; no V2 cutover in 305.
OPTIMAL_MAINTENANCE,310,optimal_sync_change_log,PRESENT_IN_EXACT_DUMP,EXACT_DUMP+SESSION_305_REVISION_2,TABLE,company_id,optimal_outbox bridge,EXISTING_STRONGER_CONTRACT,optimal_sync_change_log_member_select,EXISTING_STREAM_PRESERVED,NONE_IN_305,NONE_ADDED_TO_BUSINESS_TABLES_IN_305,EXISTING_CONTRACT,1,NO_CLIENT_DELETE,EXISTING_STREAM,auth.uid()/server producer authority when migrated,PRESERVED_NOT_CUTOVER,EXISTING_AUTHORITY_OR_NOT_APPLICABLE,EXISTING_AUTHORITY_OR_NOT_APPLICABLE,YES,EXISTING_STRONGER_STREAM,feature/integration/optimal/src/main/kotlin/com/verto/app/feature/integration/optimal/data/ContractGuardedOptimalOutboxEventExecutor.kt#MAINTENANCE_UPSERTED|execute | schema(2).sql sha256=fb83bf253fefe7f7b684a41dc5df6e06b0aa933a2c13e26cb835842e1c7f9ea8,Existing server object preserved; no V2 cutover in 305.
OPTIMAL_MAINTENANCE,310,optimal_apply_sync_operation_v2,PRESENT_IN_EXACT_DUMP,EXACT_DUMP+SESSION_305_REVISION_2,FUNCTION,SERVER_DERIVED_OR_FUNCTION_ARGUMENT,optimal_outbox bridge,EXISTING_STRONGER_CONTRACT,NO_RLS_POLICY_OBJECT_OR_FUNCTION,EXISTING_STREAM_PRESERVED,optimal_apply_sync_operation_v2,NONE_ADDED_TO_BUSINESS_TABLES_IN_305,EXISTING_CONTRACT,1,NO_CLIENT_DELETE,EXISTING_STREAM,auth.uid()/server producer authority when migrated,PRESERVED_NOT_CUTOVER,EXISTING_AUTHORITY_OR_NOT_APPLICABLE,EXISTING_AUTHORITY_OR_NOT_APPLICABLE,YES,EXISTING_STRONGER_STREAM,feature/integration/optimal/src/main/kotlin/com/verto/app/feature/integration/optimal/data/ContractGuardedOptimalOutboxEventExecutor.kt#MAINTENANCE_UPSERTED|execute | schema(2).sql sha256=fb83bf253fefe7f7b684a41dc5df6e06b0aa933a2c13e26cb835842e1c7f9ea8,Existing server object preserved; no V2 cutover in 305.
OPTIMAL_MAINTENANCE,310,optimal_pull_sync_changes,PRESENT_IN_EXACT_DUMP,EXACT_DUMP+SESSION_305_REVISION_2,FUNCTION,SERVER_DERIVED_OR_FUNCTION_ARGUMENT,optimal_outbox bridge,EXISTING_STRONGER_CONTRACT,NO_RLS_POLICY_OBJECT_OR_FUNCTION,EXISTING_STREAM_PRESERVED,optimal_pull_sync_changes,NONE_ADDED_TO_BUSINESS_TABLES_IN_305,EXISTING_CONTRACT,1,NO_CLIENT_DELETE,EXISTING_STREAM,auth.uid()/server producer authority when migrated,PRESERVED_NOT_CUTOVER,EXISTING_AUTHORITY_OR_NOT_APPLICABLE,EXISTING_AUTHORITY_OR_NOT_APPLICABLE,YES,EXISTING_STRONGER_STREAM,feature/integration/optimal/src/main/kotlin/com/verto/app/feature/integration/optimal/data/ContractGuardedOptimalOutboxEventExecutor.kt#MAINTENANCE_UPSERTED|execute | schema(2).sql sha256=fb83bf253fefe7f7b684a41dc5df6e06b0aa933a2c13e26cb835842e1c7f9ea8,Existing server object preserved; no V2 cutover in 305.
OPTIMAL_VEHICLE,310,optimal_sync_change_log,PRESENT_IN_EXACT_DUMP,EXACT_DUMP+SESSION_305_REVISION_2,TABLE,company_id,optimal_outbox bridge,EXISTING_STRONGER_CONTRACT,optimal_sync_change_log_member_select,EXISTING_STREAM_PRESERVED,NONE_IN_305,NONE_ADDED_TO_BUSINESS_TABLES_IN_305,EXISTING_CONTRACT,1,SERVER_OWNED,EXISTING_STREAM,auth.uid()/server producer authority when migrated,PRESERVED_NOT_CUTOVER,EXISTING_AUTHORITY_OR_NOT_APPLICABLE,EXISTING_AUTHORITY_OR_NOT_APPLICABLE,YES,EXISTING_STRONGER_STREAM,feature/integration/optimal/src/main/kotlin/com/verto/app/feature/integration/optimal/application/OptimalOutboxSyncParticipant.kt#OptimalOutboxSyncParticipant.syncOrganization | schema(2).sql sha256=fb83bf253fefe7f7b684a41dc5df6e06b0aa933a2c13e26cb835842e1c7f9ea8,Existing server object preserved; no V2 cutover in 305.
OPTIMAL_VEHICLE,310,optimal_apply_sync_operation_v2,PRESENT_IN_EXACT_DUMP,EXACT_DUMP+SESSION_305_REVISION_2,FUNCTION,SERVER_DERIVED_OR_FUNCTION_ARGUMENT,optimal_outbox bridge,EXISTING_STRONGER_CONTRACT,NO_RLS_POLICY_OBJECT_OR_FUNCTION,EXISTING_STREAM_PRESERVED,optimal_apply_sync_operation_v2,NONE_ADDED_TO_BUSINESS_TABLES_IN_305,EXISTING_CONTRACT,1,SERVER_OWNED,EXISTING_STREAM,auth.uid()/server producer authority when migrated,PRESERVED_NOT_CUTOVER,EXISTING_AUTHORITY_OR_NOT_APPLICABLE,EXISTING_AUTHORITY_OR_NOT_APPLICABLE,YES,EXISTING_STRONGER_STREAM,feature/integration/optimal/src/main/kotlin/com/verto/app/feature/integration/optimal/application/OptimalOutboxSyncParticipant.kt#OptimalOutboxSyncParticipant.syncOrganization | schema(2).sql sha256=fb83bf253fefe7f7b684a41dc5df6e06b0aa933a2c13e26cb835842e1c7f9ea8,Existing server object preserved; no V2 cutover in 305.
OPTIMAL_VEHICLE,310,optimal_pull_sync_changes,PRESENT_IN_EXACT_DUMP,EXACT_DUMP+SESSION_305_REVISION_2,FUNCTION,SERVER_DERIVED_OR_FUNCTION_ARGUMENT,optimal_outbox bridge,EXISTING_STRONGER_CONTRACT,NO_RLS_POLICY_OBJECT_OR_FUNCTION,EXISTING_STREAM_PRESERVED,optimal_pull_sync_changes,NONE_ADDED_TO_BUSINESS_TABLES_IN_305,EXISTING_CONTRACT,1,SERVER_OWNED,EXISTING_STREAM,auth.uid()/server producer authority when migrated,PRESERVED_NOT_CUTOVER,EXISTING_AUTHORITY_OR_NOT_APPLICABLE,EXISTING_AUTHORITY_OR_NOT_APPLICABLE,YES,EXISTING_STRONGER_STREAM,feature/integration/optimal/src/main/kotlin/com/verto/app/feature/integration/optimal/application/OptimalOutboxSyncParticipant.kt#OptimalOutboxSyncParticipant.syncOrganization | schema(2).sql sha256=fb83bf253fefe7f7b684a41dc5df6e06b0aa933a2c13e26cb835842e1c7f9ea8,Existing server object preserved; no V2 cutover in 305.
ORGANIZATION_SETTINGS,307,organization_settings,PRESENT_IN_EXACT_DUMP,EXACT_DUMP+SESSION_305_REVISION_2,TABLE,organization_id,organization / OrgSettingsRepository,LEGACY_OR_DEFERRED_OWNER_307,organization_settings_all,LEGACY_PATH_PRESERVED_CUTOVER_DISABLED,NONE_IN_305,NONE_ADDED_TO_BUSINESS_TABLES_IN_305,DEFERRED_TO_SESSION_307,1,NO_CLIENT_DELETE,V305_SERVER_INFRA_ONLY;PRODUCER_OWNER_DEFERRED,auth.uid()/server producer authority when migrated,PRESERVED_NOT_CUTOVER,DEFERRED_WITH_SAME_SERVER_OBJECT_OWNER,DEFERRED_WITH_SAME_SERVER_OBJECT_OWNER,YES,DEFERRED_WITH_EXPLICIT_OWNER,app/src/main/kotlin/com/verto/app/feature/organization/bridge/OrganizationSyncParticipant.kt|data/operations/src/main/kotlin/com/verto/app/data/repository/Orgsettingsrepository.kt#OrganizationSyncParticipant.operations|saveOrgSettings|pushToSupabase | schema(2).sql sha256=fb83bf253fefe7f7b684a41dc5df6e06b0aa933a2c13e26cb835842e1c7f9ea8,Existing server object preserved; no V2 cutover in 305.
PARTY_IDENTITY,307,clients,PRESENT_IN_EXACT_DUMP,EXACT_DUMP+SESSION_305_REVISION_2,TABLE,organization_id,clients / Party normalized contract,EXISTING_STRONGER_CONTRACT,clients_delete|clients_insert|clients_select|clients_update,EXISTING_PARTY_CONTRACT_PRESERVED,NONE_IN_305,NONE_ADDED_TO_BUSINESS_TABLES_IN_305,EXISTING_CONTRACT,2,legacy Party TOMBSTONE / unified DELETE mapping,EXISTING_STREAM,auth.uid()/server producer authority when migrated,PRESERVED_NOT_CUTOVER,EXISTING_AUTHORITY_OR_NOT_APPLICABLE,EXISTING_AUTHORITY_OR_NOT_APPLICABLE,YES,EXISTING_STRONGER_STREAM,data/network/src/main/kotlin/com/verto/app/data/sync/PartySyncV2Contract.kt|data/network/src/main/kotlin/com/verto/app/data/sync/SyncClients.kt#PartyMutationV2|pushClients | schema(2).sql sha256=fb83bf253fefe7f7b684a41dc5df6e06b0aa933a2c13e26cb835842e1c7f9ea8,Existing server object preserved; no V2 cutover in 305.
PARTY_IDENTITY,307,verto_upsert_client_v1,PRESENT_IN_EXACT_DUMP,EXACT_DUMP+SESSION_305_REVISION_2,FUNCTION,SERVER_DERIVED_OR_FUNCTION_ARGUMENT,clients / Party normalized contract,EXISTING_STRONGER_CONTRACT,NO_RLS_POLICY_OBJECT_OR_FUNCTION,EXISTING_PARTY_CONTRACT_PRESERVED,verto_upsert_client_v1,NONE_ADDED_TO_BUSINESS_TABLES_IN_305,EXISTING_CONTRACT,2,legacy Party TOMBSTONE / unified DELETE mapping,EXISTING_STREAM,auth.uid()/server producer authority when migrated,PRESERVED_NOT_CUTOVER,EXISTING_AUTHORITY_OR_NOT_APPLICABLE,EXISTING_AUTHORITY_OR_NOT_APPLICABLE,YES,EXISTING_STRONGER_STREAM,data/network/src/main/kotlin/com/verto/app/data/sync/PartySyncV2Contract.kt|data/network/src/main/kotlin/com/verto/app/data/sync/SyncClients.kt#PartyMutationV2|pushClients | schema(2).sql sha256=fb83bf253fefe7f7b684a41dc5df6e06b0aa933a2c13e26cb835842e1c7f9ea8,Existing server object preserved; no V2 cutover in 305.
PARTY_ROLE,307,clients,PRESENT_IN_EXACT_DUMP,EXACT_DUMP+SESSION_305_REVISION_2,TABLE,organization_id,clients / Party normalized contract,EXISTING_STRONGER_CONTRACT,clients_delete|clients_insert|clients_select|clients_update,EXISTING_PARTY_CONTRACT_PRESERVED,NONE_IN_305,NONE_ADDED_TO_BUSINESS_TABLES_IN_305,EXISTING_CONTRACT,2,legacy Party TOMBSTONE / unified DELETE mapping,EXISTING_STREAM,auth.uid()/server producer authority when migrated,PRESERVED_NOT_CUTOVER,EXISTING_AUTHORITY_OR_NOT_APPLICABLE,EXISTING_AUTHORITY_OR_NOT_APPLICABLE,YES,EXISTING_STRONGER_STREAM,data/database/src/main/kotlin/com/verto/app/data/local/entity/PartyNormalizedEntities.kt|data/network/src/main/kotlin/com/verto/app/data/sync/PartySyncV2Contract.kt#PartyRoleEntity|PartyMutationV2 | schema(2).sql sha256=fb83bf253fefe7f7b684a41dc5df6e06b0aa933a2c13e26cb835842e1c7f9ea8,Existing server object preserved; no V2 cutover in 305.
PARTY_ROLE,307,verto_upsert_client_v1,PRESENT_IN_EXACT_DUMP,EXACT_DUMP+SESSION_305_REVISION_2,FUNCTION,SERVER_DERIVED_OR_FUNCTION_ARGUMENT,clients / Party normalized contract,EXISTING_STRONGER_CONTRACT,NO_RLS_POLICY_OBJECT_OR_FUNCTION,EXISTING_PARTY_CONTRACT_PRESERVED,verto_upsert_client_v1,NONE_ADDED_TO_BUSINESS_TABLES_IN_305,EXISTING_CONTRACT,2,legacy Party TOMBSTONE / unified DELETE mapping,EXISTING_STREAM,auth.uid()/server producer authority when migrated,PRESERVED_NOT_CUTOVER,EXISTING_AUTHORITY_OR_NOT_APPLICABLE,EXISTING_AUTHORITY_OR_NOT_APPLICABLE,YES,EXISTING_STRONGER_STREAM,data/database/src/main/kotlin/com/verto/app/data/local/entity/PartyNormalizedEntities.kt|data/network/src/main/kotlin/com/verto/app/data/sync/PartySyncV2Contract.kt#PartyRoleEntity|PartyMutationV2 | schema(2).sql sha256=fb83bf253fefe7f7b684a41dc5df6e06b0aa933a2c13e26cb835842e1c7f9ea8,Existing server object preserved; no V2 cutover in 305.
PAYMENT,310,payments,PRESENT_IN_EXACT_DUMP,EXACT_DUMP+SESSION_305_REVISION_2,TABLE,organization_id,invoices / financial_outbox + payment sync,LEGACY_OR_DEFERRED_OWNER_310,autodrive_select_payments|payments_delete|payments_insert|payments_select|payments_update,LEGACY_PATH_PRESERVED_CUTOVER_DISABLED,NONE_IN_305,NONE_ADDED_TO_BUSINESS_TABLES_IN_305,DEFERRED_TO_SESSION_310,1,financial reversal command; no hard delete target,V305_SERVER_INFRA_ONLY;PRODUCER_OWNER_DEFERRED,auth.uid()/server producer authority when migrated,PRESERVED_NOT_CUTOVER,DEFERRED_WITH_SAME_SERVER_OBJECT_OWNER,DEFERRED_WITH_SAME_SERVER_OBJECT_OWNER,YES,DEFERRED_WITH_EXPLICIT_OWNER,data/network/src/main/kotlin/com/verto/app/data/sync/SyncInvoicePayments.kt|data/network/src/main/kotlin/com/verto/app/data/sync/SyncFinancialEvents.kt#pushPayments|pushFinancialOutbox | schema(2).sql sha256=fb83bf253fefe7f7b684a41dc5df6e06b0aa933a2c13e26cb835842e1c7f9ea8,Existing server object preserved; no V2 cutover in 305.
PAYMENT,310,payment_allocations,ABSENT_IN_EXACT_DUMP,EXACT_DUMP+SESSION_305_REVISION_2,PLANNED_SERVER_OBJECT,OWNER_SESSION_TO_DEFINE,invoices / financial_outbox + payment sync,LEGACY_OR_DEFERRED_OWNER_310,NOT_PRESENT,NOT_APPLICABLE_UNTIL_OWNER_SESSION,NONE_IN_305,NONE_ADDED_TO_BUSINESS_TABLES_IN_305,DEFERRED_TO_SESSION_310,1,financial reversal command; no hard delete target,V305_SERVER_INFRA_ONLY;PRODUCER_OWNER_DEFERRED,auth.uid()/server producer authority when migrated,NO_CURRENT_SERVER_OBJECT,DEFERRED_WITH_SAME_SERVER_OBJECT_OWNER,DEFERRED_WITH_SAME_SERVER_OBJECT_OWNER,YES,DEFERRED_WITH_EXPLICIT_OWNER,data/network/src/main/kotlin/com/verto/app/data/sync/SyncInvoicePayments.kt|data/network/src/main/kotlin/com/verto/app/data/sync/SyncFinancialEvents.kt#pushPayments|pushFinancialOutbox | schema(2).sql sha256=fb83bf253fefe7f7b684a41dc5df6e06b0aa933a2c13e26cb835842e1c7f9ea8,REVISION_2 absent mapping; do not invent in 305.
PAYMENT,310,realized_fx_events,ABSENT_IN_EXACT_DUMP,EXACT_DUMP+SESSION_305_REVISION_2,PLANNED_SERVER_OBJECT,OWNER_SESSION_TO_DEFINE,invoices / financial_outbox + payment sync,LEGACY_OR_DEFERRED_OWNER_310,NOT_PRESENT,NOT_APPLICABLE_UNTIL_OWNER_SESSION,NONE_IN_305,NONE_ADDED_TO_BUSINESS_TABLES_IN_305,DEFERRED_TO_SESSION_310,1,financial reversal command; no hard delete target,V305_SERVER_INFRA_ONLY;PRODUCER_OWNER_DEFERRED,auth.uid()/server producer authority when migrated,NO_CURRENT_SERVER_OBJECT,DEFERRED_WITH_SAME_SERVER_OBJECT_OWNER,DEFERRED_WITH_SAME_SERVER_OBJECT_OWNER,YES,DEFERRED_WITH_EXPLICIT_OWNER,data/network/src/main/kotlin/com/verto/app/data/sync/SyncInvoicePayments.kt|data/network/src/main/kotlin/com/verto/app/data/sync/SyncFinancialEvents.kt#pushPayments|pushFinancialOutbox | schema(2).sql sha256=fb83bf253fefe7f7b684a41dc5df6e06b0aa933a2c13e26cb835842e1c7f9ea8,REVISION_2 absent mapping; do not invent in 305.
PAYMENT,310,financial_sync_apply_event_v1,ABSENT_IN_EXACT_DUMP,EXACT_DUMP+SESSION_305_REVISION_2,PLANNED_SERVER_OBJECT,OWNER_SESSION_TO_DEFINE,invoices / financial_outbox + payment sync,LEGACY_OR_DEFERRED_OWNER_310,NOT_PRESENT,NOT_APPLICABLE_UNTIL_OWNER_SESSION,NONE_IN_305,NONE_ADDED_TO_BUSINESS_TABLES_IN_305,DEFERRED_TO_SESSION_310,1,financial reversal command; no hard delete target,V305_SERVER_INFRA_ONLY;PRODUCER_OWNER_DEFERRED,auth.uid()/server producer authority when migrated,NO_CURRENT_SERVER_OBJECT,DEFERRED_WITH_SAME_SERVER_OBJECT_OWNER,DEFERRED_WITH_SAME_SERVER_OBJECT_OWNER,YES,DEFERRED_WITH_EXPLICIT_OWNER,data/network/src/main/kotlin/com/verto/app/data/sync/SyncInvoicePayments.kt|data/network/src/main/kotlin/com/verto/app/data/sync/SyncFinancialEvents.kt#pushPayments|pushFinancialOutbox | schema(2).sql sha256=fb83bf253fefe7f7b684a41dc5df6e06b0aa933a2c13e26cb835842e1c7f9ea8,REVISION_2 absent mapping; do not invent in 305.
PRICE_LIST,307,price_list_header,PRESENT_IN_EXACT_DUMP,EXACT_DUMP+SESSION_305_REVISION_2,TABLE,organization_id,organization / SyncMisc,LEGACY_OR_DEFERRED_OWNER_307,pricelist_header_all,LEGACY_PATH_PRESERVED_CUTOVER_DISABLED,NONE_IN_305,NONE_ADDED_TO_BUSINESS_TABLES_IN_305,DEFERRED_TO_SESSION_307,1,DataStore pending price-list deletion,V305_SERVER_INFRA_ONLY;PRODUCER_OWNER_DEFERRED,auth.uid()/server producer authority when migrated,PRESERVED_NOT_CUTOVER,DEFERRED_WITH_SAME_SERVER_OBJECT_OWNER,DEFERRED_WITH_SAME_SERVER_OBJECT_OWNER,YES,DEFERRED_WITH_EXPLICIT_OWNER,data/network/src/main/kotlin/com/verto/app/data/sync/SyncMisc.kt#pushPriceList|pushPriceListDeletions|pullPriceList | schema(2).sql sha256=fb83bf253fefe7f7b684a41dc5df6e06b0aa933a2c13e26cb835842e1c7f9ea8,Existing server object preserved; no V2 cutover in 305.
PRICE_LIST,307,price_list_items,PRESENT_IN_EXACT_DUMP,EXACT_DUMP+SESSION_305_REVISION_2,TABLE,organization_id,organization / SyncMisc,LEGACY_OR_DEFERRED_OWNER_307,pricelist_items_all,LEGACY_PATH_PRESERVED_CUTOVER_DISABLED,NONE_IN_305,NONE_ADDED_TO_BUSINESS_TABLES_IN_305,DEFERRED_TO_SESSION_307,1,DataStore pending price-list deletion,V305_SERVER_INFRA_ONLY;PRODUCER_OWNER_DEFERRED,auth.uid()/server producer authority when migrated,PRESERVED_NOT_CUTOVER,DEFERRED_WITH_SAME_SERVER_OBJECT_OWNER,DEFERRED_WITH_SAME_SERVER_OBJECT_OWNER,YES,DEFERRED_WITH_EXPLICIT_OWNER,data/network/src/main/kotlin/com/verto/app/data/sync/SyncMisc.kt#pushPriceList|pushPriceListDeletions|pullPriceList | schema(2).sql sha256=fb83bf253fefe7f7b684a41dc5df6e06b0aa933a2c13e26cb835842e1c7f9ea8,Existing server object preserved; no V2 cutover in 305.
PURCHASE_MATCH,310,purchase_invoice_matches,ABSENT_IN_EXACT_DUMP,EXACT_DUMP+SESSION_305_REVISION_2,PLANNED_SERVER_OBJECT,OWNER_SESSION_TO_DEFINE,invoices / purchase cycle,LEGACY_OR_DEFERRED_OWNER_310,NOT_PRESENT,NOT_APPLICABLE_UNTIL_OWNER_SESSION,NONE_IN_305,NONE_ADDED_TO_BUSINESS_TABLES_IN_305,DEFERRED_TO_SESSION_310,1,NO_CLIENT_DELETE,V305_SERVER_INFRA_ONLY;PRODUCER_OWNER_DEFERRED,auth.uid()/server producer authority when migrated,NO_CURRENT_SERVER_OBJECT,DEFERRED_WITH_SAME_SERVER_OBJECT_OWNER,DEFERRED_WITH_SAME_SERVER_OBJECT_OWNER,YES,DEFERRED_WITH_EXPLICIT_OWNER,data/network/src/main/kotlin/com/verto/app/data/sync/SyncPurchaseCycle.kt#pushPurchaseCyclePostInvoices|pullPurchaseCyclePostInvoices | schema(2).sql sha256=fb83bf253fefe7f7b684a41dc5df6e06b0aa933a2c13e26cb835842e1c7f9ea8,REVISION_2 absent mapping; do not invent in 305.
PURCHASE_MATCH,310,purchase_invoice_match_lines,ABSENT_IN_EXACT_DUMP,EXACT_DUMP+SESSION_305_REVISION_2,PLANNED_SERVER_OBJECT,OWNER_SESSION_TO_DEFINE,invoices / purchase cycle,LEGACY_OR_DEFERRED_OWNER_310,NOT_PRESENT,NOT_APPLICABLE_UNTIL_OWNER_SESSION,NONE_IN_305,NONE_ADDED_TO_BUSINESS_TABLES_IN_305,DEFERRED_TO_SESSION_310,1,NO_CLIENT_DELETE,V305_SERVER_INFRA_ONLY;PRODUCER_OWNER_DEFERRED,auth.uid()/server producer authority when migrated,NO_CURRENT_SERVER_OBJECT,DEFERRED_WITH_SAME_SERVER_OBJECT_OWNER,DEFERRED_WITH_SAME_SERVER_OBJECT_OWNER,YES,DEFERRED_WITH_EXPLICIT_OWNER,data/network/src/main/kotlin/com/verto/app/data/sync/SyncPurchaseCycle.kt#pushPurchaseCyclePostInvoices|pullPurchaseCyclePostInvoices | schema(2).sql sha256=fb83bf253fefe7f7b684a41dc5df6e06b0aa933a2c13e26cb835842e1c7f9ea8,REVISION_2 absent mapping; do not invent in 305.
PURCHASE_MATCH,310,purchase_invoice_receipt_allocations,ABSENT_IN_EXACT_DUMP,EXACT_DUMP+SESSION_305_REVISION_2,PLANNED_SERVER_OBJECT,OWNER_SESSION_TO_DEFINE,invoices / purchase cycle,LEGACY_OR_DEFERRED_OWNER_310,NOT_PRESENT,NOT_APPLICABLE_UNTIL_OWNER_SESSION,NONE_IN_305,NONE_ADDED_TO_BUSINESS_TABLES_IN_305,DEFERRED_TO_SESSION_310,1,NO_CLIENT_DELETE,V305_SERVER_INFRA_ONLY;PRODUCER_OWNER_DEFERRED,auth.uid()/server producer authority when migrated,NO_CURRENT_SERVER_OBJECT,DEFERRED_WITH_SAME_SERVER_OBJECT_OWNER,DEFERRED_WITH_SAME_SERVER_OBJECT_OWNER,YES,DEFERRED_WITH_EXPLICIT_OWNER,data/network/src/main/kotlin/com/verto/app/data/sync/SyncPurchaseCycle.kt#pushPurchaseCyclePostInvoices|pullPurchaseCyclePostInvoices | schema(2).sql sha256=fb83bf253fefe7f7b684a41dc5df6e06b0aa933a2c13e26cb835842e1c7f9ea8,REVISION_2 absent mapping; do not invent in 305.
PURCHASE_MATCH,310,verto_purchase_cycle_push_post_v253,ABSENT_IN_EXACT_DUMP,EXACT_DUMP+SESSION_305_REVISION_2,PLANNED_SERVER_OBJECT,OWNER_SESSION_TO_DEFINE,invoices / purchase cycle,LEGACY_OR_DEFERRED_OWNER_310,NOT_PRESENT,NOT_APPLICABLE_UNTIL_OWNER_SESSION,NONE_IN_305,NONE_ADDED_TO_BUSINESS_TABLES_IN_305,DEFERRED_TO_SESSION_310,1,NO_CLIENT_DELETE,V305_SERVER_INFRA_ONLY;PRODUCER_OWNER_DEFERRED,auth.uid()/server producer authority when migrated,NO_CURRENT_SERVER_OBJECT,DEFERRED_WITH_SAME_SERVER_OBJECT_OWNER,DEFERRED_WITH_SAME_SERVER_OBJECT_OWNER,YES,DEFERRED_WITH_EXPLICIT_OWNER,data/network/src/main/kotlin/com/verto/app/data/sync/SyncPurchaseCycle.kt#pushPurchaseCyclePostInvoices|pullPurchaseCyclePostInvoices | schema(2).sql sha256=fb83bf253fefe7f7b684a41dc5df6e06b0aa933a2c13e26cb835842e1c7f9ea8,REVISION_2 absent mapping; do not invent in 305.
PURCHASE_ORDER,307,purchase_orders,ABSENT_IN_EXACT_DUMP,EXACT_DUMP+SESSION_305_REVISION_2,PLANNED_SERVER_OBJECT,OWNER_SESSION_TO_DEFINE,invoices / purchase cycle,LEGACY_OR_DEFERRED_OWNER_307,NOT_PRESENT,NOT_APPLICABLE_UNTIL_OWNER_SESSION,NONE_IN_305,NONE_ADDED_TO_BUSINESS_TABLES_IN_305,DEFERRED_TO_SESSION_307,1,NOT_SUPPORTED_BY_DOMAIN,V305_SERVER_INFRA_ONLY;PRODUCER_OWNER_DEFERRED,auth.uid()/server producer authority when migrated,NO_CURRENT_SERVER_OBJECT,DEFERRED_WITH_SAME_SERVER_OBJECT_OWNER,DEFERRED_WITH_SAME_SERVER_OBJECT_OWNER,YES,DEFERRED_WITH_EXPLICIT_OWNER,data/network/src/main/kotlin/com/verto/app/data/sync/SyncPurchaseCycle.kt#pushPurchaseCyclePreInvoices|pullPurchaseCyclePreInvoices | schema(2).sql sha256=fb83bf253fefe7f7b684a41dc5df6e06b0aa933a2c13e26cb835842e1c7f9ea8,REVISION_2 absent mapping; do not invent in 305.
PURCHASE_ORDER,307,purchase_order_lines,ABSENT_IN_EXACT_DUMP,EXACT_DUMP+SESSION_305_REVISION_2,PLANNED_SERVER_OBJECT,OWNER_SESSION_TO_DEFINE,invoices / purchase cycle,LEGACY_OR_DEFERRED_OWNER_307,NOT_PRESENT,NOT_APPLICABLE_UNTIL_OWNER_SESSION,NONE_IN_305,NONE_ADDED_TO_BUSINESS_TABLES_IN_305,DEFERRED_TO_SESSION_307,1,NOT_SUPPORTED_BY_DOMAIN,V305_SERVER_INFRA_ONLY;PRODUCER_OWNER_DEFERRED,auth.uid()/server producer authority when migrated,NO_CURRENT_SERVER_OBJECT,DEFERRED_WITH_SAME_SERVER_OBJECT_OWNER,DEFERRED_WITH_SAME_SERVER_OBJECT_OWNER,YES,DEFERRED_WITH_EXPLICIT_OWNER,data/network/src/main/kotlin/com/verto/app/data/sync/SyncPurchaseCycle.kt#pushPurchaseCyclePreInvoices|pullPurchaseCyclePreInvoices | schema(2).sql sha256=fb83bf253fefe7f7b684a41dc5df6e06b0aa933a2c13e26cb835842e1c7f9ea8,REVISION_2 absent mapping; do not invent in 305.
PURCHASE_ORDER,307,verto_purchase_cycle_push_pre_v253,ABSENT_IN_EXACT_DUMP,EXACT_DUMP+SESSION_305_REVISION_2,PLANNED_SERVER_OBJECT,OWNER_SESSION_TO_DEFINE,invoices / purchase cycle,LEGACY_OR_DEFERRED_OWNER_307,NOT_PRESENT,NOT_APPLICABLE_UNTIL_OWNER_SESSION,NONE_IN_305,NONE_ADDED_TO_BUSINESS_TABLES_IN_305,DEFERRED_TO_SESSION_307,1,NOT_SUPPORTED_BY_DOMAIN,V305_SERVER_INFRA_ONLY;PRODUCER_OWNER_DEFERRED,auth.uid()/server producer authority when migrated,NO_CURRENT_SERVER_OBJECT,DEFERRED_WITH_SAME_SERVER_OBJECT_OWNER,DEFERRED_WITH_SAME_SERVER_OBJECT_OWNER,YES,DEFERRED_WITH_EXPLICIT_OWNER,data/network/src/main/kotlin/com/verto/app/data/sync/SyncPurchaseCycle.kt#pushPurchaseCyclePreInvoices|pullPurchaseCyclePreInvoices | schema(2).sql sha256=fb83bf253fefe7f7b684a41dc5df6e06b0aa933a2c13e26cb835842e1c7f9ea8,REVISION_2 absent mapping; do not invent in 305.
PURCHASE_PAYMENT_OVERRIDE,310,purchase_payment_overrides,ABSENT_IN_EXACT_DUMP,EXACT_DUMP+SESSION_305_REVISION_2,PLANNED_SERVER_OBJECT,OWNER_SESSION_TO_DEFINE,invoices / purchase cycle,LEGACY_OR_DEFERRED_OWNER_310,NOT_PRESENT,NOT_APPLICABLE_UNTIL_OWNER_SESSION,NONE_IN_305,NONE_ADDED_TO_BUSINESS_TABLES_IN_305,DEFERRED_TO_SESSION_310,1,NO_CLIENT_DELETE,V305_SERVER_INFRA_ONLY;PRODUCER_OWNER_DEFERRED,auth.uid()/server producer authority when migrated,NO_CURRENT_SERVER_OBJECT,DEFERRED_WITH_SAME_SERVER_OBJECT_OWNER,DEFERRED_WITH_SAME_SERVER_OBJECT_OWNER,YES,DEFERRED_WITH_EXPLICIT_OWNER,data/network/src/main/kotlin/com/verto/app/data/sync/SyncPurchaseCycle.kt#pushPurchaseCyclePostInvoices|pullPurchaseCyclePostInvoices | schema(2).sql sha256=fb83bf253fefe7f7b684a41dc5df6e06b0aa933a2c13e26cb835842e1c7f9ea8,REVISION_2 absent mapping; do not invent in 305.
PURCHASE_PAYMENT_OVERRIDE,310,verto_purchase_cycle_push_post_v253,ABSENT_IN_EXACT_DUMP,EXACT_DUMP+SESSION_305_REVISION_2,PLANNED_SERVER_OBJECT,OWNER_SESSION_TO_DEFINE,invoices / purchase cycle,LEGACY_OR_DEFERRED_OWNER_310,NOT_PRESENT,NOT_APPLICABLE_UNTIL_OWNER_SESSION,NONE_IN_305,NONE_ADDED_TO_BUSINESS_TABLES_IN_305,DEFERRED_TO_SESSION_310,1,NO_CLIENT_DELETE,V305_SERVER_INFRA_ONLY;PRODUCER_OWNER_DEFERRED,auth.uid()/server producer authority when migrated,NO_CURRENT_SERVER_OBJECT,DEFERRED_WITH_SAME_SERVER_OBJECT_OWNER,DEFERRED_WITH_SAME_SERVER_OBJECT_OWNER,YES,DEFERRED_WITH_EXPLICIT_OWNER,data/network/src/main/kotlin/com/verto/app/data/sync/SyncPurchaseCycle.kt#pushPurchaseCyclePostInvoices|pullPurchaseCyclePostInvoices | schema(2).sql sha256=fb83bf253fefe7f7b684a41dc5df6e06b0aa933a2c13e26cb835842e1c7f9ea8,REVISION_2 absent mapping; do not invent in 305.
REMINDER,307,client_reminders,PRESENT_IN_EXACT_DUMP,EXACT_DUMP+SESSION_305_REVISION_2,TABLE,organization_id,clients / SyncMisc,LEGACY_OR_DEFERRED_OWNER_307,reminders_all,LEGACY_PATH_PRESERVED_CUTOVER_DISABLED,NONE_IN_305,NONE_ADDED_TO_BUSINESS_TABLES_IN_305,DEFERRED_TO_SESSION_307,1,no explicit remote delete in participant; owner 307,V305_SERVER_INFRA_ONLY;PRODUCER_OWNER_DEFERRED,auth.uid()/server producer authority when migrated,PRESERVED_NOT_CUTOVER,DEFERRED_WITH_SAME_SERVER_OBJECT_OWNER,DEFERRED_WITH_SAME_SERVER_OBJECT_OWNER,YES,DEFERRED_WITH_EXPLICIT_OWNER,data/network/src/main/kotlin/com/verto/app/data/sync/SyncMisc.kt#pushReminders|pullReminders | schema(2).sql sha256=fb83bf253fefe7f7b684a41dc5df6e06b0aa933a2c13e26cb835842e1c7f9ea8,Existing server object preserved; no V2 cutover in 305.
SHIPMENT,307,logistics_shipments,PRESENT_IN_EXACT_DUMP,EXACT_DUMP+SESSION_305_REVISION_2,TABLE,organization_id,logistics-v2 (hard-gated),LEGACY_OR_DEFERRED_OWNER_307,logistics_shipments_org_insert|logistics_shipments_org_select|logistics_shipments_org_update,INERT_GATE,NONE_IN_305,NONE_ADDED_TO_BUSINESS_TABLES_IN_305,DEFERRED_TO_SESSION_307,1,cancel state transition target; remote inactive,V305_SERVER_INFRA_ONLY;PRODUCER_OWNER_DEFERRED,auth.uid()/server producer authority when migrated,PRESERVED_NOT_CUTOVER,EXISTING_AUTHORITY_OR_NOT_APPLICABLE,EXISTING_AUTHORITY_OR_NOT_APPLICABLE,YES,INERT_UNTIL_OWNER_SESSION,feature/shipment/src/main/kotlin/com/verto/app/feature/shipment/data/sync/LogisticsV2SyncParticipant.kt|data/network/src/main/kotlin/com/verto/app/data/sync/SyncLogisticsV2.kt|data/network/src/main/kotlin/com/verto/app/data/remote/dto/LogisticsV2Dtos.kt#LogisticsV2SyncParticipant.key|SERVER_CONTRACT_VERIFIED|LOGISTICS_V2_TABLE_CONTRACTS | schema(2).sql sha256=fb83bf253fefe7f7b684a41dc5df6e06b0aa933a2c13e26cb835842e1c7f9ea8,Existing server object preserved; no V2 cutover in 305.
SHIPMENT,307,logistics_shipment_sources,PRESENT_IN_EXACT_DUMP,EXACT_DUMP+SESSION_305_REVISION_2,TABLE,organization_id,logistics-v2 (hard-gated),LEGACY_OR_DEFERRED_OWNER_307,logistics_shipment_sources_org_insert|logistics_shipment_sources_org_select|logistics_shipment_sources_org_update,INERT_GATE,NONE_IN_305,NONE_ADDED_TO_BUSINESS_TABLES_IN_305,DEFERRED_TO_SESSION_307,1,cancel state transition target; remote inactive,V305_SERVER_INFRA_ONLY;PRODUCER_OWNER_DEFERRED,auth.uid()/server producer authority when migrated,PRESERVED_NOT_CUTOVER,EXISTING_AUTHORITY_OR_NOT_APPLICABLE,EXISTING_AUTHORITY_OR_NOT_APPLICABLE,YES,INERT_UNTIL_OWNER_SESSION,feature/shipment/src/main/kotlin/com/verto/app/feature/shipment/data/sync/LogisticsV2SyncParticipant.kt|data/network/src/main/kotlin/com/verto/app/data/sync/SyncLogisticsV2.kt|data/network/src/main/kotlin/com/verto/app/data/remote/dto/LogisticsV2Dtos.kt#LogisticsV2SyncParticipant.key|SERVER_CONTRACT_VERIFIED|LOGISTICS_V2_TABLE_CONTRACTS | schema(2).sql sha256=fb83bf253fefe7f7b684a41dc5df6e06b0aa933a2c13e26cb835842e1c7f9ea8,Existing server object preserved; no V2 cutover in 305.
SHIPMENT,307,logistics_shipment_lines,PRESENT_IN_EXACT_DUMP,EXACT_DUMP+SESSION_305_REVISION_2,TABLE,organization_id,logistics-v2 (hard-gated),LEGACY_OR_DEFERRED_OWNER_307,logistics_shipment_lines_org_insert|logistics_shipment_lines_org_select|logistics_shipment_lines_org_update,INERT_GATE,NONE_IN_305,NONE_ADDED_TO_BUSINESS_TABLES_IN_305,DEFERRED_TO_SESSION_307,1,cancel state transition target; remote inactive,V305_SERVER_INFRA_ONLY;PRODUCER_OWNER_DEFERRED,auth.uid()/server producer authority when migrated,PRESERVED_NOT_CUTOVER,EXISTING_AUTHORITY_OR_NOT_APPLICABLE,EXISTING_AUTHORITY_OR_NOT_APPLICABLE,YES,INERT_UNTIL_OWNER_SESSION,feature/shipment/src/main/kotlin/com/verto/app/feature/shipment/data/sync/LogisticsV2SyncParticipant.kt|data/network/src/main/kotlin/com/verto/app/data/sync/SyncLogisticsV2.kt|data/network/src/main/kotlin/com/verto/app/data/remote/dto/LogisticsV2Dtos.kt#LogisticsV2SyncParticipant.key|SERVER_CONTRACT_VERIFIED|LOGISTICS_V2_TABLE_CONTRACTS | schema(2).sql sha256=fb83bf253fefe7f7b684a41dc5df6e06b0aa933a2c13e26cb835842e1c7f9ea8,Existing server object preserved; no V2 cutover in 305.
SHIPMENT,307,logistics_milestones,PRESENT_IN_EXACT_DUMP,EXACT_DUMP+SESSION_305_REVISION_2,TABLE,organization_id,logistics-v2 (hard-gated),LEGACY_OR_DEFERRED_OWNER_307,logistics_milestones_org_insert|logistics_milestones_org_select|logistics_milestones_org_update,INERT_GATE,NONE_IN_305,NONE_ADDED_TO_BUSINESS_TABLES_IN_305,DEFERRED_TO_SESSION_307,1,cancel state transition target; remote inactive,V305_SERVER_INFRA_ONLY;PRODUCER_OWNER_DEFERRED,auth.uid()/server producer authority when migrated,PRESERVED_NOT_CUTOVER,EXISTING_AUTHORITY_OR_NOT_APPLICABLE,EXISTING_AUTHORITY_OR_NOT_APPLICABLE,YES,INERT_UNTIL_OWNER_SESSION,feature/shipment/src/main/kotlin/com/verto/app/feature/shipment/data/sync/LogisticsV2SyncParticipant.kt|data/network/src/main/kotlin/com/verto/app/data/sync/SyncLogisticsV2.kt|data/network/src/main/kotlin/com/verto/app/data/remote/dto/LogisticsV2Dtos.kt#LogisticsV2SyncParticipant.key|SERVER_CONTRACT_VERIFIED|LOGISTICS_V2_TABLE_CONTRACTS | schema(2).sql sha256=fb83bf253fefe7f7b684a41dc5df6e06b0aa933a2c13e26cb835842e1c7f9ea8,Existing server object preserved; no V2 cutover in 305.
SHIPMENT,307,logistics_assignments,PRESENT_IN_EXACT_DUMP,EXACT_DUMP+SESSION_305_REVISION_2,TABLE,organization_id,logistics-v2 (hard-gated),LEGACY_OR_DEFERRED_OWNER_307,logistics_assignments_org_insert|logistics_assignments_org_select|logistics_assignments_org_update,INERT_GATE,NONE_IN_305,NONE_ADDED_TO_BUSINESS_TABLES_IN_305,DEFERRED_TO_SESSION_307,1,cancel state transition target; remote inactive,V305_SERVER_INFRA_ONLY;PRODUCER_OWNER_DEFERRED,auth.uid()/server producer authority when migrated,PRESERVED_NOT_CUTOVER,EXISTING_AUTHORITY_OR_NOT_APPLICABLE,EXISTING_AUTHORITY_OR_NOT_APPLICABLE,YES,INERT_UNTIL_OWNER_SESSION,feature/shipment/src/main/kotlin/com/verto/app/feature/shipment/data/sync/LogisticsV2SyncParticipant.kt|data/network/src/main/kotlin/com/verto/app/data/sync/SyncLogisticsV2.kt|data/network/src/main/kotlin/com/verto/app/data/remote/dto/LogisticsV2Dtos.kt#LogisticsV2SyncParticipant.key|SERVER_CONTRACT_VERIFIED|LOGISTICS_V2_TABLE_CONTRACTS | schema(2).sql sha256=fb83bf253fefe7f7b684a41dc5df6e06b0aa933a2c13e26cb835842e1c7f9ea8,Existing server object preserved; no V2 cutover in 305.
SHIPMENT,307,logistics_events,PRESENT_IN_EXACT_DUMP,EXACT_DUMP+SESSION_305_REVISION_2,TABLE,organization_id,logistics-v2 (hard-gated),LEGACY_OR_DEFERRED_OWNER_307,logistics_events_org_insert|logistics_events_org_select|logistics_events_org_update,INERT_GATE,NONE_IN_305,NONE_ADDED_TO_BUSINESS_TABLES_IN_305,DEFERRED_TO_SESSION_307,1,cancel state transition target; remote inactive,V305_SERVER_INFRA_ONLY;PRODUCER_OWNER_DEFERRED,auth.uid()/server producer authority when migrated,PRESERVED_NOT_CUTOVER,EXISTING_AUTHORITY_OR_NOT_APPLICABLE,EXISTING_AUTHORITY_OR_NOT_APPLICABLE,YES,INERT_UNTIL_OWNER_SESSION,feature/shipment/src/main/kotlin/com/verto/app/feature/shipment/data/sync/LogisticsV2SyncParticipant.kt|data/network/src/main/kotlin/com/verto/app/data/sync/SyncLogisticsV2.kt|data/network/src/main/kotlin/com/verto/app/data/remote/dto/LogisticsV2Dtos.kt#LogisticsV2SyncParticipant.key|SERVER_CONTRACT_VERIFIED|LOGISTICS_V2_TABLE_CONTRACTS | schema(2).sql sha256=fb83bf253fefe7f7b684a41dc5df6e06b0aa933a2c13e26cb835842e1c7f9ea8,Existing server object preserved; no V2 cutover in 305.
SHIPMENT,307,logistics_partners,PRESENT_IN_EXACT_DUMP,EXACT_DUMP+SESSION_305_REVISION_2,TABLE,organization_id,logistics-v2 (hard-gated),LEGACY_OR_DEFERRED_OWNER_307,logistics_partners_org_insert|logistics_partners_org_select|logistics_partners_org_update,INERT_GATE,NONE_IN_305,NONE_ADDED_TO_BUSINESS_TABLES_IN_305,DEFERRED_TO_SESSION_307,1,cancel state transition target; remote inactive,V305_SERVER_INFRA_ONLY;PRODUCER_OWNER_DEFERRED,auth.uid()/server producer authority when migrated,PRESERVED_NOT_CUTOVER,EXISTING_AUTHORITY_OR_NOT_APPLICABLE,EXISTING_AUTHORITY_OR_NOT_APPLICABLE,YES,INERT_UNTIL_OWNER_SESSION,feature/shipment/src/main/kotlin/com/verto/app/feature/shipment/data/sync/LogisticsV2SyncParticipant.kt|data/network/src/main/kotlin/com/verto/app/data/sync/SyncLogisticsV2.kt|data/network/src/main/kotlin/com/verto/app/data/remote/dto/LogisticsV2Dtos.kt#LogisticsV2SyncParticipant.key|SERVER_CONTRACT_VERIFIED|LOGISTICS_V2_TABLE_CONTRACTS | schema(2).sql sha256=fb83bf253fefe7f7b684a41dc5df6e06b0aa933a2c13e26cb835842e1c7f9ea8,Existing server object preserved; no V2 cutover in 305.
SHIPMENT,307,logistics_shipment_legs,PRESENT_IN_EXACT_DUMP,EXACT_DUMP+SESSION_305_REVISION_2,TABLE,organization_id,logistics-v2 (hard-gated),LEGACY_OR_DEFERRED_OWNER_307,logistics_shipment_legs_org_insert|logistics_shipment_legs_org_select|logistics_shipment_legs_org_update,INERT_GATE,NONE_IN_305,NONE_ADDED_TO_BUSINESS_TABLES_IN_305,DEFERRED_TO_SESSION_307,1,cancel state transition target; remote inactive,V305_SERVER_INFRA_ONLY;PRODUCER_OWNER_DEFERRED,auth.uid()/server producer authority when migrated,PRESERVED_NOT_CUTOVER,EXISTING_AUTHORITY_OR_NOT_APPLICABLE,EXISTING_AUTHORITY_OR_NOT_APPLICABLE,YES,INERT_UNTIL_OWNER_SESSION,feature/shipment/src/main/kotlin/com/verto/app/feature/shipment/data/sync/LogisticsV2SyncParticipant.kt|data/network/src/main/kotlin/com/verto/app/data/sync/SyncLogisticsV2.kt|data/network/src/main/kotlin/com/verto/app/data/remote/dto/LogisticsV2Dtos.kt#LogisticsV2SyncParticipant.key|SERVER_CONTRACT_VERIFIED|LOGISTICS_V2_TABLE_CONTRACTS | schema(2).sql sha256=fb83bf253fefe7f7b684a41dc5df6e06b0aa933a2c13e26cb835842e1c7f9ea8,Existing server object preserved; no V2 cutover in 305.
SHIPMENT,307,logistics_custody_handoffs,PRESENT_IN_EXACT_DUMP,EXACT_DUMP+SESSION_305_REVISION_2,TABLE,organization_id,logistics-v2 (hard-gated),LEGACY_OR_DEFERRED_OWNER_307,logistics_custody_handoffs_org_insert|logistics_custody_handoffs_org_select|logistics_custody_handoffs_org_update,INERT_GATE,NONE_IN_305,NONE_ADDED_TO_BUSINESS_TABLES_IN_305,DEFERRED_TO_SESSION_307,1,cancel state transition target; remote inactive,V305_SERVER_INFRA_ONLY;PRODUCER_OWNER_DEFERRED,auth.uid()/server producer authority when migrated,PRESERVED_NOT_CUTOVER,EXISTING_AUTHORITY_OR_NOT_APPLICABLE,EXISTING_AUTHORITY_OR_NOT_APPLICABLE,YES,INERT_UNTIL_OWNER_SESSION,feature/shipment/src/main/kotlin/com/verto/app/feature/shipment/data/sync/LogisticsV2SyncParticipant.kt|data/network/src/main/kotlin/com/verto/app/data/sync/SyncLogisticsV2.kt|data/network/src/main/kotlin/com/verto/app/data/remote/dto/LogisticsV2Dtos.kt#LogisticsV2SyncParticipant.key|SERVER_CONTRACT_VERIFIED|LOGISTICS_V2_TABLE_CONTRACTS | schema(2).sql sha256=fb83bf253fefe7f7b684a41dc5df6e06b0aa933a2c13e26cb835842e1c7f9ea8,Existing server object preserved; no V2 cutover in 305.
SHIPMENT,307,logistics_shipment_partner_links,PRESENT_IN_EXACT_DUMP,EXACT_DUMP+SESSION_305_REVISION_2,TABLE,organization_id,logistics-v2 (hard-gated),LEGACY_OR_DEFERRED_OWNER_307,logistics_shipment_partner_links_org_insert|logistics_shipment_partner_links_org_select|logistics_shipment_partner_links_org_update,INERT_GATE,NONE_IN_305,NONE_ADDED_TO_BUSINESS_TABLES_IN_305,DEFERRED_TO_SESSION_307,1,cancel state transition target; remote inactive,V305_SERVER_INFRA_ONLY;PRODUCER_OWNER_DEFERRED,auth.uid()/server producer authority when migrated,PRESERVED_NOT_CUTOVER,EXISTING_AUTHORITY_OR_NOT_APPLICABLE,EXISTING_AUTHORITY_OR_NOT_APPLICABLE,YES,INERT_UNTIL_OWNER_SESSION,feature/shipment/src/main/kotlin/com/verto/app/feature/shipment/data/sync/LogisticsV2SyncParticipant.kt|data/network/src/main/kotlin/com/verto/app/data/sync/SyncLogisticsV2.kt|data/network/src/main/kotlin/com/verto/app/data/remote/dto/LogisticsV2Dtos.kt#LogisticsV2SyncParticipant.key|SERVER_CONTRACT_VERIFIED|LOGISTICS_V2_TABLE_CONTRACTS | schema(2).sql sha256=fb83bf253fefe7f7b684a41dc5df6e06b0aa933a2c13e26cb835842e1c7f9ea8,Existing server object preserved; no V2 cutover in 305.
SHIPMENT,307,logistics_transport_details,PRESENT_IN_EXACT_DUMP,EXACT_DUMP+SESSION_305_REVISION_2,TABLE,organization_id,logistics-v2 (hard-gated),LEGACY_OR_DEFERRED_OWNER_307,logistics_transport_details_org_insert|logistics_transport_details_org_select|logistics_transport_details_org_update,INERT_GATE,NONE_IN_305,NONE_ADDED_TO_BUSINESS_TABLES_IN_305,DEFERRED_TO_SESSION_307,1,cancel state transition target; remote inactive,V305_SERVER_INFRA_ONLY;PRODUCER_OWNER_DEFERRED,auth.uid()/server producer authority when migrated,PRESERVED_NOT_CUTOVER,EXISTING_AUTHORITY_OR_NOT_APPLICABLE,EXISTING_AUTHORITY_OR_NOT_APPLICABLE,YES,INERT_UNTIL_OWNER_SESSION,feature/shipment/src/main/kotlin/com/verto/app/feature/shipment/data/sync/LogisticsV2SyncParticipant.kt|data/network/src/main/kotlin/com/verto/app/data/sync/SyncLogisticsV2.kt|data/network/src/main/kotlin/com/verto/app/data/remote/dto/LogisticsV2Dtos.kt#LogisticsV2SyncParticipant.key|SERVER_CONTRACT_VERIFIED|LOGISTICS_V2_TABLE_CONTRACTS | schema(2).sql sha256=fb83bf253fefe7f7b684a41dc5df6e06b0aa933a2c13e26cb835842e1c7f9ea8,Existing server object preserved; no V2 cutover in 305.
SHIPMENT,307,logistics_documents,PRESENT_IN_EXACT_DUMP,EXACT_DUMP+SESSION_305_REVISION_2,TABLE,organization_id,logistics-v2 (hard-gated),LEGACY_OR_DEFERRED_OWNER_307,logistics_documents_org_insert|logistics_documents_org_select|logistics_documents_org_update,INERT_GATE,NONE_IN_305,NONE_ADDED_TO_BUSINESS_TABLES_IN_305,DEFERRED_TO_SESSION_307,1,cancel state transition target; remote inactive,V305_SERVER_INFRA_ONLY;PRODUCER_OWNER_DEFERRED,auth.uid()/server producer authority when migrated,PRESERVED_NOT_CUTOVER,EXISTING_AUTHORITY_OR_NOT_APPLICABLE,EXISTING_AUTHORITY_OR_NOT_APPLICABLE,YES,INERT_UNTIL_OWNER_SESSION,feature/shipment/src/main/kotlin/com/verto/app/feature/shipment/data/sync/LogisticsV2SyncParticipant.kt|data/network/src/main/kotlin/com/verto/app/data/sync/SyncLogisticsV2.kt|data/network/src/main/kotlin/com/verto/app/data/remote/dto/LogisticsV2Dtos.kt#LogisticsV2SyncParticipant.key|SERVER_CONTRACT_VERIFIED|LOGISTICS_V2_TABLE_CONTRACTS | schema(2).sql sha256=fb83bf253fefe7f7b684a41dc5df6e06b0aa933a2c13e26cb835842e1c7f9ea8,Existing server object preserved; no V2 cutover in 305.
SHIPMENT,307,logistics_costs,PRESENT_IN_EXACT_DUMP,EXACT_DUMP+SESSION_305_REVISION_2,TABLE,organization_id,logistics-v2 (hard-gated),LEGACY_OR_DEFERRED_OWNER_307,logistics_costs_org_insert|logistics_costs_org_select|logistics_costs_org_update,INERT_GATE,NONE_IN_305,NONE_ADDED_TO_BUSINESS_TABLES_IN_305,DEFERRED_TO_SESSION_307,1,cancel state transition target; remote inactive,V305_SERVER_INFRA_ONLY;PRODUCER_OWNER_DEFERRED,auth.uid()/server producer authority when migrated,PRESERVED_NOT_CUTOVER,EXISTING_AUTHORITY_OR_NOT_APPLICABLE,EXISTING_AUTHORITY_OR_NOT_APPLICABLE,YES,INERT_UNTIL_OWNER_SESSION,feature/shipment/src/main/kotlin/com/verto/app/feature/shipment/data/sync/LogisticsV2SyncParticipant.kt|data/network/src/main/kotlin/com/verto/app/data/sync/SyncLogisticsV2.kt|data/network/src/main/kotlin/com/verto/app/data/remote/dto/LogisticsV2Dtos.kt#LogisticsV2SyncParticipant.key|SERVER_CONTRACT_VERIFIED|LOGISTICS_V2_TABLE_CONTRACTS | schema(2).sql sha256=fb83bf253fefe7f7b684a41dc5df6e06b0aa933a2c13e26cb835842e1c7f9ea8,Existing server object preserved; no V2 cutover in 305.
SHIPMENT,307,logistics_payments,PRESENT_IN_EXACT_DUMP,EXACT_DUMP+SESSION_305_REVISION_2,TABLE,organization_id,logistics-v2 (hard-gated),LEGACY_OR_DEFERRED_OWNER_307,logistics_payments_org_insert|logistics_payments_org_select|logistics_payments_org_update,INERT_GATE,NONE_IN_305,NONE_ADDED_TO_BUSINESS_TABLES_IN_305,DEFERRED_TO_SESSION_307,1,cancel state transition target; remote inactive,V305_SERVER_INFRA_ONLY;PRODUCER_OWNER_DEFERRED,auth.uid()/server producer authority when migrated,PRESERVED_NOT_CUTOVER,EXISTING_AUTHORITY_OR_NOT_APPLICABLE,EXISTING_AUTHORITY_OR_NOT_APPLICABLE,YES,INERT_UNTIL_OWNER_SESSION,feature/shipment/src/main/kotlin/com/verto/app/feature/shipment/data/sync/LogisticsV2SyncParticipant.kt|data/network/src/main/kotlin/com/verto/app/data/sync/SyncLogisticsV2.kt|data/network/src/main/kotlin/com/verto/app/data/remote/dto/LogisticsV2Dtos.kt#LogisticsV2SyncParticipant.key|SERVER_CONTRACT_VERIFIED|LOGISTICS_V2_TABLE_CONTRACTS | schema(2).sql sha256=fb83bf253fefe7f7b684a41dc5df6e06b0aa933a2c13e26cb835842e1c7f9ea8,Existing server object preserved; no V2 cutover in 305.
SHIPMENT,307,logistics_route_templates,PRESENT_IN_EXACT_DUMP,EXACT_DUMP+SESSION_305_REVISION_2,TABLE,organization_id,logistics-v2 (hard-gated),LEGACY_OR_DEFERRED_OWNER_307,logistics_route_templates_org_insert|logistics_route_templates_org_select|logistics_route_templates_org_update,INERT_GATE,NONE_IN_305,NONE_ADDED_TO_BUSINESS_TABLES_IN_305,DEFERRED_TO_SESSION_307,1,cancel state transition target; remote inactive,V305_SERVER_INFRA_ONLY;PRODUCER_OWNER_DEFERRED,auth.uid()/server producer authority when migrated,PRESERVED_NOT_CUTOVER,EXISTING_AUTHORITY_OR_NOT_APPLICABLE,EXISTING_AUTHORITY_OR_NOT_APPLICABLE,YES,INERT_UNTIL_OWNER_SESSION,feature/shipment/src/main/kotlin/com/verto/app/feature/shipment/data/sync/LogisticsV2SyncParticipant.kt|data/network/src/main/kotlin/com/verto/app/data/sync/SyncLogisticsV2.kt|data/network/src/main/kotlin/com/verto/app/data/remote/dto/LogisticsV2Dtos.kt#LogisticsV2SyncParticipant.key|SERVER_CONTRACT_VERIFIED|LOGISTICS_V2_TABLE_CONTRACTS | schema(2).sql sha256=fb83bf253fefe7f7b684a41dc5df6e06b0aa933a2c13e26cb835842e1c7f9ea8,Existing server object preserved; no V2 cutover in 305.
SHIPMENT,307,logistics_route_template_stops,PRESENT_IN_EXACT_DUMP,EXACT_DUMP+SESSION_305_REVISION_2,TABLE,organization_id,logistics-v2 (hard-gated),LEGACY_OR_DEFERRED_OWNER_307,logistics_route_template_stops_org_insert|logistics_route_template_stops_org_select|logistics_route_template_stops_org_update,INERT_GATE,NONE_IN_305,NONE_ADDED_TO_BUSINESS_TABLES_IN_305,DEFERRED_TO_SESSION_307,1,cancel state transition target; remote inactive,V305_SERVER_INFRA_ONLY;PRODUCER_OWNER_DEFERRED,auth.uid()/server producer authority when migrated,PRESERVED_NOT_CUTOVER,EXISTING_AUTHORITY_OR_NOT_APPLICABLE,EXISTING_AUTHORITY_OR_NOT_APPLICABLE,YES,INERT_UNTIL_OWNER_SESSION,feature/shipment/src/main/kotlin/com/verto/app/feature/shipment/data/sync/LogisticsV2SyncParticipant.kt|data/network/src/main/kotlin/com/verto/app/data/sync/SyncLogisticsV2.kt|data/network/src/main/kotlin/com/verto/app/data/remote/dto/LogisticsV2Dtos.kt#LogisticsV2SyncParticipant.key|SERVER_CONTRACT_VERIFIED|LOGISTICS_V2_TABLE_CONTRACTS | schema(2).sql sha256=fb83bf253fefe7f7b684a41dc5df6e06b0aa933a2c13e26cb835842e1c7f9ea8,Existing server object preserved; no V2 cutover in 305.
SHIPMENT,307,logistics_receiving_batches,PRESENT_IN_EXACT_DUMP,EXACT_DUMP+SESSION_305_REVISION_2,TABLE,organization_id,logistics-v2 (hard-gated),LEGACY_OR_DEFERRED_OWNER_307,logistics_receiving_batches_org_insert|logistics_receiving_batches_org_select|logistics_receiving_batches_org_update,INERT_GATE,NONE_IN_305,NONE_ADDED_TO_BUSINESS_TABLES_IN_305,DEFERRED_TO_SESSION_307,1,cancel state transition target; remote inactive,V305_SERVER_INFRA_ONLY;PRODUCER_OWNER_DEFERRED,auth.uid()/server producer authority when migrated,PRESERVED_NOT_CUTOVER,EXISTING_AUTHORITY_OR_NOT_APPLICABLE,EXISTING_AUTHORITY_OR_NOT_APPLICABLE,YES,INERT_UNTIL_OWNER_SESSION,feature/shipment/src/main/kotlin/com/verto/app/feature/shipment/data/sync/LogisticsV2SyncParticipant.kt|data/network/src/main/kotlin/com/verto/app/data/sync/SyncLogisticsV2.kt|data/network/src/main/kotlin/com/verto/app/data/remote/dto/LogisticsV2Dtos.kt#LogisticsV2SyncParticipant.key|SERVER_CONTRACT_VERIFIED|LOGISTICS_V2_TABLE_CONTRACTS | schema(2).sql sha256=fb83bf253fefe7f7b684a41dc5df6e06b0aa933a2c13e26cb835842e1c7f9ea8,Existing server object preserved; no V2 cutover in 305.
SHIPMENT,307,logistics_receiving_lines,PRESENT_IN_EXACT_DUMP,EXACT_DUMP+SESSION_305_REVISION_2,TABLE,organization_id,logistics-v2 (hard-gated),LEGACY_OR_DEFERRED_OWNER_307,logistics_receiving_lines_org_insert|logistics_receiving_lines_org_select|logistics_receiving_lines_org_update,INERT_GATE,NONE_IN_305,NONE_ADDED_TO_BUSINESS_TABLES_IN_305,DEFERRED_TO_SESSION_307,1,cancel state transition target; remote inactive,V305_SERVER_INFRA_ONLY;PRODUCER_OWNER_DEFERRED,auth.uid()/server producer authority when migrated,PRESERVED_NOT_CUTOVER,EXISTING_AUTHORITY_OR_NOT_APPLICABLE,EXISTING_AUTHORITY_OR_NOT_APPLICABLE,YES,INERT_UNTIL_OWNER_SESSION,feature/shipment/src/main/kotlin/com/verto/app/feature/shipment/data/sync/LogisticsV2SyncParticipant.kt|data/network/src/main/kotlin/com/verto/app/data/sync/SyncLogisticsV2.kt|data/network/src/main/kotlin/com/verto/app/data/remote/dto/LogisticsV2Dtos.kt#LogisticsV2SyncParticipant.key|SERVER_CONTRACT_VERIFIED|LOGISTICS_V2_TABLE_CONTRACTS | schema(2).sql sha256=fb83bf253fefe7f7b684a41dc5df6e06b0aa933a2c13e26cb835842e1c7f9ea8,Existing server object preserved; no V2 cutover in 305.
SHIPMENT,307,logistics_inventory_postings,PRESENT_IN_EXACT_DUMP,EXACT_DUMP+SESSION_305_REVISION_2,TABLE,organization_id,logistics-v2 (hard-gated),LEGACY_OR_DEFERRED_OWNER_307,logistics_inventory_postings_org_insert|logistics_inventory_postings_org_select|logistics_inventory_postings_org_update,INERT_GATE,NONE_IN_305,NONE_ADDED_TO_BUSINESS_TABLES_IN_305,DEFERRED_TO_SESSION_307,1,cancel state transition target; remote inactive,V305_SERVER_INFRA_ONLY;PRODUCER_OWNER_DEFERRED,auth.uid()/server producer authority when migrated,PRESERVED_NOT_CUTOVER,EXISTING_AUTHORITY_OR_NOT_APPLICABLE,EXISTING_AUTHORITY_OR_NOT_APPLICABLE,YES,INERT_UNTIL_OWNER_SESSION,feature/shipment/src/main/kotlin/com/verto/app/feature/shipment/data/sync/LogisticsV2SyncParticipant.kt|data/network/src/main/kotlin/com/verto/app/data/sync/SyncLogisticsV2.kt|data/network/src/main/kotlin/com/verto/app/data/remote/dto/LogisticsV2Dtos.kt#LogisticsV2SyncParticipant.key|SERVER_CONTRACT_VERIFIED|LOGISTICS_V2_TABLE_CONTRACTS | schema(2).sql sha256=fb83bf253fefe7f7b684a41dc5df6e06b0aa933a2c13e26cb835842e1c7f9ea8,Existing server object preserved; no V2 cutover in 305.
SHIPMENT,307,logistics_cost_allocations,PRESENT_IN_EXACT_DUMP,EXACT_DUMP+SESSION_305_REVISION_2,TABLE,organization_id,logistics-v2 (hard-gated),LEGACY_OR_DEFERRED_OWNER_307,logistics_cost_allocations_org_insert|logistics_cost_allocations_org_select|logistics_cost_allocations_org_update,INERT_GATE,NONE_IN_305,NONE_ADDED_TO_BUSINESS_TABLES_IN_305,DEFERRED_TO_SESSION_307,1,cancel state transition target; remote inactive,V305_SERVER_INFRA_ONLY;PRODUCER_OWNER_DEFERRED,auth.uid()/server producer authority when migrated,PRESERVED_NOT_CUTOVER,EXISTING_AUTHORITY_OR_NOT_APPLICABLE,EXISTING_AUTHORITY_OR_NOT_APPLICABLE,YES,INERT_UNTIL_OWNER_SESSION,feature/shipment/src/main/kotlin/com/verto/app/feature/shipment/data/sync/LogisticsV2SyncParticipant.kt|data/network/src/main/kotlin/com/verto/app/data/sync/SyncLogisticsV2.kt|data/network/src/main/kotlin/com/verto/app/data/remote/dto/LogisticsV2Dtos.kt#LogisticsV2SyncParticipant.key|SERVER_CONTRACT_VERIFIED|LOGISTICS_V2_TABLE_CONTRACTS | schema(2).sql sha256=fb83bf253fefe7f7b684a41dc5df6e06b0aa933a2c13e26cb835842e1c7f9ea8,Existing server object preserved; no V2 cutover in 305.
SHIPMENT,307,logistics_shortages,PRESENT_IN_EXACT_DUMP,EXACT_DUMP+SESSION_305_REVISION_2,TABLE,organization_id,logistics-v2 (hard-gated),LEGACY_OR_DEFERRED_OWNER_307,logistics_shortages_org_insert|logistics_shortages_org_select|logistics_shortages_org_update,INERT_GATE,NONE_IN_305,NONE_ADDED_TO_BUSINESS_TABLES_IN_305,DEFERRED_TO_SESSION_307,1,cancel state transition target; remote inactive,V305_SERVER_INFRA_ONLY;PRODUCER_OWNER_DEFERRED,auth.uid()/server producer authority when migrated,PRESERVED_NOT_CUTOVER,EXISTING_AUTHORITY_OR_NOT_APPLICABLE,EXISTING_AUTHORITY_OR_NOT_APPLICABLE,YES,INERT_UNTIL_OWNER_SESSION,feature/shipment/src/main/kotlin/com/verto/app/feature/shipment/data/sync/LogisticsV2SyncParticipant.kt|data/network/src/main/kotlin/com/verto/app/data/sync/SyncLogisticsV2.kt|data/network/src/main/kotlin/com/verto/app/data/remote/dto/LogisticsV2Dtos.kt#LogisticsV2SyncParticipant.key|SERVER_CONTRACT_VERIFIED|LOGISTICS_V2_TABLE_CONTRACTS | schema(2).sql sha256=fb83bf253fefe7f7b684a41dc5df6e06b0aa933a2c13e26cb835842e1c7f9ea8,Existing server object preserved; no V2 cutover in 305.
SHIPMENT,307,logistics_recoveries,PRESENT_IN_EXACT_DUMP,EXACT_DUMP+SESSION_305_REVISION_2,TABLE,organization_id,logistics-v2 (hard-gated),LEGACY_OR_DEFERRED_OWNER_307,logistics_recoveries_org_insert|logistics_recoveries_org_select|logistics_recoveries_org_update,INERT_GATE,NONE_IN_305,NONE_ADDED_TO_BUSINESS_TABLES_IN_305,DEFERRED_TO_SESSION_307,1,cancel state transition target; remote inactive,V305_SERVER_INFRA_ONLY;PRODUCER_OWNER_DEFERRED,auth.uid()/server producer authority when migrated,PRESERVED_NOT_CUTOVER,EXISTING_AUTHORITY_OR_NOT_APPLICABLE,EXISTING_AUTHORITY_OR_NOT_APPLICABLE,YES,INERT_UNTIL_OWNER_SESSION,feature/shipment/src/main/kotlin/com/verto/app/feature/shipment/data/sync/LogisticsV2SyncParticipant.kt|data/network/src/main/kotlin/com/verto/app/data/sync/SyncLogisticsV2.kt|data/network/src/main/kotlin/com/verto/app/data/remote/dto/LogisticsV2Dtos.kt#LogisticsV2SyncParticipant.key|SERVER_CONTRACT_VERIFIED|LOGISTICS_V2_TABLE_CONTRACTS | schema(2).sql sha256=fb83bf253fefe7f7b684a41dc5df6e06b0aa933a2c13e26cb835842e1c7f9ea8,Existing server object preserved; no V2 cutover in 305.
SHIPMENT,307,logistics_recovery_lines,PRESENT_IN_EXACT_DUMP,EXACT_DUMP+SESSION_305_REVISION_2,TABLE,organization_id,logistics-v2 (hard-gated),LEGACY_OR_DEFERRED_OWNER_307,logistics_recovery_lines_org_insert|logistics_recovery_lines_org_select|logistics_recovery_lines_org_update,INERT_GATE,NONE_IN_305,NONE_ADDED_TO_BUSINESS_TABLES_IN_305,DEFERRED_TO_SESSION_307,1,cancel state transition target; remote inactive,V305_SERVER_INFRA_ONLY;PRODUCER_OWNER_DEFERRED,auth.uid()/server producer authority when migrated,PRESERVED_NOT_CUTOVER,EXISTING_AUTHORITY_OR_NOT_APPLICABLE,EXISTING_AUTHORITY_OR_NOT_APPLICABLE,YES,INERT_UNTIL_OWNER_SESSION,feature/shipment/src/main/kotlin/com/verto/app/feature/shipment/data/sync/LogisticsV2SyncParticipant.kt|data/network/src/main/kotlin/com/verto/app/data/sync/SyncLogisticsV2.kt|data/network/src/main/kotlin/com/verto/app/data/remote/dto/LogisticsV2Dtos.kt#LogisticsV2SyncParticipant.key|SERVER_CONTRACT_VERIFIED|LOGISTICS_V2_TABLE_CONTRACTS | schema(2).sql sha256=fb83bf253fefe7f7b684a41dc5df6e06b0aa933a2c13e26cb835842e1c7f9ea8,Existing server object preserved; no V2 cutover in 305.
SHIPMENT,307,logistics_recovery_postings,PRESENT_IN_EXACT_DUMP,EXACT_DUMP+SESSION_305_REVISION_2,TABLE,organization_id,logistics-v2 (hard-gated),LEGACY_OR_DEFERRED_OWNER_307,logistics_recovery_postings_org_insert|logistics_recovery_postings_org_select|logistics_recovery_postings_org_update,INERT_GATE,NONE_IN_305,NONE_ADDED_TO_BUSINESS_TABLES_IN_305,DEFERRED_TO_SESSION_307,1,cancel state transition target; remote inactive,V305_SERVER_INFRA_ONLY;PRODUCER_OWNER_DEFERRED,auth.uid()/server producer authority when migrated,PRESERVED_NOT_CUTOVER,EXISTING_AUTHORITY_OR_NOT_APPLICABLE,EXISTING_AUTHORITY_OR_NOT_APPLICABLE,YES,INERT_UNTIL_OWNER_SESSION,feature/shipment/src/main/kotlin/com/verto/app/feature/shipment/data/sync/LogisticsV2SyncParticipant.kt|data/network/src/main/kotlin/com/verto/app/data/sync/SyncLogisticsV2.kt|data/network/src/main/kotlin/com/verto/app/data/remote/dto/LogisticsV2Dtos.kt#LogisticsV2SyncParticipant.key|SERVER_CONTRACT_VERIFIED|LOGISTICS_V2_TABLE_CONTRACTS | schema(2).sql sha256=fb83bf253fefe7f7b684a41dc5df6e06b0aa933a2c13e26cb835842e1c7f9ea8,Existing server object preserved; no V2 cutover in 305.
SUPPLIER_PROFILE,307,clients,PRESENT_IN_EXACT_DUMP,EXACT_DUMP+SESSION_305_REVISION_2,TABLE,organization_id,clients / Party normalized contract,EXISTING_STRONGER_CONTRACT,clients_delete|clients_insert|clients_select|clients_update,EXISTING_PARTY_CONTRACT_PRESERVED,NONE_IN_305,NONE_ADDED_TO_BUSINESS_TABLES_IN_305,EXISTING_CONTRACT,2,legacy Party TOMBSTONE / unified DELETE mapping,EXISTING_STREAM,auth.uid()/server producer authority when migrated,PRESERVED_NOT_CUTOVER,EXISTING_AUTHORITY_OR_NOT_APPLICABLE,EXISTING_AUTHORITY_OR_NOT_APPLICABLE,YES,EXISTING_STRONGER_STREAM,data/database/src/main/kotlin/com/verto/app/data/local/entity/PartyNormalizedEntities.kt|data/network/src/main/kotlin/com/verto/app/data/sync/PartySyncV2Contract.kt#SupplierProfileEntity|PartyMutationV2 | schema(2).sql sha256=fb83bf253fefe7f7b684a41dc5df6e06b0aa933a2c13e26cb835842e1c7f9ea8,Existing server object preserved; no V2 cutover in 305.
SUPPLIER_PROFILE,307,verto_upsert_client_v1,PRESENT_IN_EXACT_DUMP,EXACT_DUMP+SESSION_305_REVISION_2,FUNCTION,SERVER_DERIVED_OR_FUNCTION_ARGUMENT,clients / Party normalized contract,EXISTING_STRONGER_CONTRACT,NO_RLS_POLICY_OBJECT_OR_FUNCTION,EXISTING_PARTY_CONTRACT_PRESERVED,verto_upsert_client_v1,NONE_ADDED_TO_BUSINESS_TABLES_IN_305,EXISTING_CONTRACT,2,legacy Party TOMBSTONE / unified DELETE mapping,EXISTING_STREAM,auth.uid()/server producer authority when migrated,PRESERVED_NOT_CUTOVER,EXISTING_AUTHORITY_OR_NOT_APPLICABLE,EXISTING_AUTHORITY_OR_NOT_APPLICABLE,YES,EXISTING_STRONGER_STREAM,data/database/src/main/kotlin/com/verto/app/data/local/entity/PartyNormalizedEntities.kt|data/network/src/main/kotlin/com/verto/app/data/sync/PartySyncV2Contract.kt#SupplierProfileEntity|PartyMutationV2 | schema(2).sql sha256=fb83bf253fefe7f7b684a41dc5df6e06b0aa933a2c13e26cb835842e1c7f9ea8,Existing server object preserved; no V2 cutover in 305.
